,Date,Open,High,Low,Close,Adj Close,Volume,rendimientosNIKE
0,2010-02-28,16.2055006,16.423499800000002,16.0940004,16.3564998,14.0057098,12364480.0,0.010100327758600251
1,2010-03-07,16.9759996,17.079,16.891000400000003,16.9929996,14.574059600000002,8591120.0,0.0021189132862792013
2,2010-03-14,17.2080004,17.3614998,17.1515004,17.3260002,14.895330000000001,6577520.0,0.004572619951890021
3,2010-03-21,17.9040002,18.139000399999997,17.826000399999998,17.9914996,15.4674654,19371680.0,0.010098354880140293
4,2010-03-28,18.4805002,18.6335,18.3350004,18.4604994,15.8706684,10346880.0,0.0010040154320180177
5,2010-04-04,18.47625025,18.57625,18.38500025,18.455624999999998,15.866481,7319000.0,0.0004056931138919633
6,2010-04-11,18.4670002,18.6360002,18.3565002,18.5389998,15.9381574,9454640.0,0.003136992975981561
7,2010-04-18,18.874499800000002,18.9779998,18.744999999999997,18.8825004,16.2334676,8690080.0,-2.6604589330862968e-05
8,2010-04-25,19.0739996,19.324500399999998,18.9915002,19.239500200000002,16.5403832,10635120.0,0.00713474753746503
9,2010-05-02,19.3535002,19.5279998,19.157,19.234,16.535657800000003,9366480.0,-0.005175494430809497
10,2010-05-09,18.8400004,19.1335004,18.2239998,18.662,16.0439014,17620320.0,-0.014475340638879943
11,2010-05-16,18.934,19.240499800000002,18.7020002,19.011000000000003,16.3439412,18035920.0,0.008674712206619615
12,2010-05-23,18.0050004,18.2475,17.671999800000002,18.0254996,15.4966972,20279840.0,-0.0064775070093969515
13,2010-05-30,18.0839998,18.3175004,17.831,18.152499600000002,15.605880200000001,18175200.0,0.00275443187146815
14,2010-06-06,18.01937475,18.250625,17.819375,18.0362495,15.53474325,13526300.0,-0.005623709326285721
15,2010-06-13,17.6564998,17.898500000000002,17.498500200000002,17.697000199999998,15.270765399999998,11374640.0,0.004360771058924455
16,2010-06-20,18.3685002,18.568,18.269,18.4770004,15.9438274,10628640.0,0.007089773176076912
17,2010-06-27,18.123000400000002,18.262,17.7794998,17.9539998,15.492529,17486560.0,-0.013295945928695287
18,2010-07-04,17.207500200000002,17.3560004,16.928500000000003,17.107500199999997,14.762085200000001,17340320.0,-0.006552271548402715
19,2010-07-11,17.1918755,17.403125,16.9931245,17.26249975,14.895833249999999,15702600.0,0.008297261798096455
20,2010-07-18,17.561,17.6725004,17.3405,17.5214998,15.119326000000001,12096400.0,-0.0034218360386065218
21,2010-07-25,17.4529998,17.791000399999998,17.3320004,17.6199994,15.204320200000002,13043920.0,0.010672951642605483
22,2010-08-01,18.3355,18.4939994,18.1755002,18.359,15.8420042,9545520.0,0.0024593943592824442
23,2010-08-08,18.4319996,18.5994998,18.3000002,18.4719998,15.939515599999998,10182720.0,0.0008672100308093776
24,2010-08-15,18.136499800000003,18.2720002,17.9670002,18.1105002,15.6275734,9595680.0,-0.009355517654359996
25,2010-08-22,17.8045002,18.0155004,17.661499600000003,17.8804996,15.429106999999998,9092880.0,0.0019176796126073707
26,2010-08-29,17.624499800000002,17.8180004,17.4359996,17.623,15.2069076,11061520.0,-0.0009001421158017647
27,2010-09-05,17.8839998,18.094500399999998,17.7689998,17.9849998,15.543142,11535280.0,0.009120654390331348
28,2010-09-12,18.56249975,18.690624749999998,18.4325,18.48937475,16.01444725,8116300.0,-0.00168919561571996
29,2010-09-19,18.8630004,19.113999999999997,18.8040002,19.0204998,16.4744812,11300880.0,0.00929908275828756
30,2010-09-26,19.5475002,19.7459998,19.3639998,19.5305002,16.9162136,17994000.0,0.005892145675615257
31,2010-10-03,19.9865,20.1245004,19.7645004,20.0035,17.3259016,16544560.0,0.001701924924136378
32,2010-10-10,20.188,20.348,20.0669996,20.2759996,17.5619264,12936160.0,0.004412034238810955
33,2010-10-17,20.549000200000002,20.659,20.3880002,20.482999799999998,17.7412172,12115520.0,-9.753718798533057e-05
34,2010-10-24,20.361500200000002,20.5355002,20.2814998,20.3830002,17.6546026,8096160.0,-0.00019521719461106603
35,2010-10-31,20.3849998,20.4894996,20.2380002,20.3725004,17.6455076,8540720.0,-0.0011753118746145096
36,2010-11-07,20.5685,20.7004996,20.4349998,20.610000199999998,17.8512168,8128960.0,0.006451772811244222
37,2010-11-14,20.8495004,20.948500000000003,20.684499600000002,20.8489998,18.058224,8027360.0,-0.0035747271182602486
38,2010-11-21,20.5155004,20.8185002,20.378500199999998,20.5990002,17.8416874,11875440.0,0.007576734564273995
39,2010-11-28,21.36750025,21.59062475,21.33125,21.47937525,18.60422025,6715900.0,0.0004366421424737187
40,2010-12-05,21.6365002,21.813000199999998,21.4735002,21.7145,18.8348302,9079120.0,0.003619903994007399
41,2010-12-12,21.9625002,22.0474998,21.765,21.8755006,19.0145786,5894320.0,0.0006159908909619806
42,2010-12-19,22.2895,22.4729996,22.1500002,22.3185006,19.399645,9258560.0,0.00506071396851491
43,2010-12-26,22.216250000000002,22.413125,22.00875,22.223125,19.3167415,20172400.0,-0.01135913672489538
44,2011-01-02,21.4730002,21.568,21.3550004,21.430500000000002,18.6277802,6699920.0,-0.001469660745765792
45,2011-01-09,21.1614996,21.2804998,20.9675,21.0934998,18.3348476,10038880.0,-0.004474883329101104
46,2011-01-16,20.915,21.0955,20.759,20.9274998,18.190561600000002,8459280.0,0.0012887872758781214
47,2011-01-23,20.95124975,21.0225,20.711875499999998,20.81812525,18.09549125,9196800.0,-0.005319657215377313
48,2011-01-30,20.7345002,20.8669998,20.510000400000003,20.6884998,17.982818,8928960.0,-0.0020518108130858754
49,2011-02-06,20.764,21.0195,20.697000199999998,20.9740006,18.230981800000002,9027840.0,0.01024146245937851
50,2011-02-13,21.628,21.773,21.5255002,21.673,18.8385638,7546320.0,0.0010933531409349322
51,2011-02-20,21.4164996,21.649499600000002,21.2795002,21.5965,18.772071,10208160.0,0.00596513392842456
52,2011-02-27,21.6925,21.96062525,21.54625025,21.7450005,18.9011455,10149200.0,-0.002375572119626342
53,2011-03-06,22.216000200000003,22.4095,22.0465,22.2389994,19.3580488,10827840.0,0.0042731682855787125
54,2011-03-13,22.1820004,22.3555002,21.9179998,22.1205,19.2952546,11966880.0,-0.006123033557971981
55,2011-03-20,21.0024996,21.1479998,20.7365,20.968,18.2899518,24573840.0,-0.023284346734132686
56,2011-03-27,19.1880004,19.4044994,18.7060006,19.145,16.6997882,29035360.0,-0.0024116778443926843
57,2011-04-03,19.084,19.2074998,18.9550004,19.0614998,16.6269552,13273360.0,-0.0003394582618056762
58,2011-04-10,19.4955,19.6099998,19.2759994,19.4745,16.9872028,12804960.0,0.002234950492107586
59,2011-04-17,19.611500200000002,19.8360002,19.5035,19.7275,17.2078904,11416640.0,0.0034333509441121313
60,2011-04-24,19.800625,19.942500000000003,19.6743745,19.8481255,17.31310925,11479300.0,0.004593635174384742
61,2011-05-01,20.2049998,20.4000006,20.077499800000002,20.304000199999997,17.7107612,8636640.0,0.005243044565065311
62,2011-05-08,20.6750002,20.7925,20.4400002,20.5659998,17.939296000000002,10465040.0,-0.0007302040660949984
63,2011-05-15,20.779000200000002,21.0779998,20.6884998,20.9955006,18.313938,10046720.0,0.010080593279162428
64,2011-05-22,21.351499999999998,21.476000399999997,21.1474998,21.307499999999997,18.586094,9771360.0,-0.002825334343620658
65,2011-05-29,20.9539998,21.1150006,20.8689998,20.991500600000002,18.3104516,7388080.0,-0.0010137346621917043
66,2011-06-05,20.7225,20.8506245,20.448749749999998,20.50687475,17.92107525,10523100.0,-0.012913538153833892
67,2011-06-12,20.1485002,20.4074994,19.9775,20.105,17.6036072,10916800.0,-0.0017497823959659678
68,2011-06-19,20.1879996,20.4285,20.0450004,20.227,17.7104254,10704880.0,0.003607726023069905
69,2011-06-26,20.5685,20.874000000000002,20.3560002,20.6530004,18.0834268,13884960.0,0.0001725306656996578
70,2011-07-03,21.736,22.3059996,21.6455002,22.1550004,19.3985498,28674720.0,0.024632245482064778
71,2011-07-10,23.02625,23.260624749999998,22.955,23.18687475,20.30204775,14824300.0,0.0038366581116091912
72,2011-07-17,22.9335006,23.1610006,22.742,22.9185002,20.067059999999998,10903120.0,-0.003330887125119226
73,2011-07-24,22.8025002,22.948999800000003,22.6440004,22.7764996,19.942722,11799680.0,2.1817785787230526e-05
74,2011-07-31,22.497999999999998,22.7730004,22.359000599999998,22.5305002,19.727332,10386800.0,-0.003431294984305301
75,2011-08-07,21.6300006,21.902000199999996,20.8865002,21.3475002,18.691516200000002,16684960.0,-0.01444138419202987
76,2011-08-14,20.3465,20.916500000000003,19.8365002,20.4255,17.884228200000003,18065760.0,0.0008803583306322439
77,2011-08-21,20.6025002,20.9079998,20.260999599999998,20.47,17.923193,13075600.0,-0.013910521242404883
78,2011-08-28,20.598000199999998,21.1574994,20.339,20.9345002,18.329900799999997,12611280.0,0.01871930047798051
79,2011-09-04,21.6835004,21.979499999999998,21.4565002,21.6075004,18.9459814,14001760.0,-0.0052841681086832955
80,2011-09-11,21.023125,21.45625025,20.727500499999998,21.1312505,18.5686025,12200300.0,-0.004623645659041117
81,2011-09-18,21.4660006,21.898500000000002,21.3005,21.773999600000003,19.133403,12871920.0,0.01689050117392906
82,2011-09-25,21.9559998,22.3,21.5865002,21.9109996,19.2537902,22203520.0,-0.0025335152422613525
83,2011-10-02,22.369999999999997,22.637999999999998,21.8185006,22.0929998,19.413721000000002,15379200.0,-0.007189969610591274
84,2011-10-09,21.4619998,21.9995002,21.2075,21.7005006,19.068818,12773920.0,0.006081306779572399
85,2011-10-16,22.695,22.9875,22.5779998,22.877,20.102639,9598080.0,0.010647390324777484
86,2011-10-23,22.9495,23.226999999999997,22.6490004,23.0015,20.2120424,9745360.0,0.0029468822693584965
87,2011-10-30,23.746000000000002,23.983999400000002,23.5335004,23.7805,20.896571599999998,11976000.0,0.005023812019066393
88,2011-11-06,23.8135002,24.0569998,23.513499799999998,23.761499800000003,20.8798774,10707120.0,-0.00496023759870223
89,2011-11-13,23.5274998,23.7970006,23.2884998,23.582500200000002,20.7225818,9519680.0,0.0037160656236817405
90,2011-11-20,23.5995,23.8075002,23.2879996,23.501999599999998,20.6518442,8238560.0,-0.007200354109448868
91,2011-11-27,22.762501,23.0381255,22.59749975,22.7437495,19.98555125,6490000.0,-0.006747937384552386
92,2011-12-04,23.7760002,24.0904998,23.5575002,23.873000400000002,21.0094654,11798400.0,0.0128066042437117
93,2011-12-11,24.089500199999996,24.3224996,23.8730006,24.080000000000002,21.2392502,9773680.0,0.0029495713269111685
94,2011-12-18,23.982999799999998,24.1039998,23.5450006,23.707,20.910249200000003,10908400.0,-0.008383772516282023
95,2011-12-25,23.8044998,24.0424998,23.4629996,23.7539996,20.9517062,14197600.0,0.0067803103351362385
96,2012-01-01,24.3031255,24.466250000000002,24.103125249999998,24.251875,21.3908475,7114700.0,-0.0013711318817080866
97,2012-01-08,24.36250025,24.61374975,24.23312475,24.44874975,21.56449825,9134800.0,0.004167600114336617
98,2012-01-15,24.5939998,24.7265,24.4474996,24.6180002,21.713779600000002,8182240.0,0.0006317352035291352
99,2012-01-22,24.9874995,25.2831255,24.8931245,25.215,22.240351750000002,9657100.0,0.008648267763776855
100,2012-01-29,25.517499800000003,25.7244996,25.368499800000002,25.569499999999998,22.5530306,8147920.0,0.0006867049334918264
101,2012-02-05,25.896499999999996,26.1055004,25.687,25.872499800000003,22.8202842,13841760.0,0.0027041898275954207
102,2012-02-12,26.079999800000003,26.3494998,26.006999999999998,26.239500599999996,23.1439874,6932400.0,0.003657186701747419
103,2012-02-19,26.5374998,26.7555,26.352500199999998,26.5645,23.430649600000002,7790320.0,0.0023952306199304845
104,2012-02-26,26.479999499999998,26.6699995,26.30375,26.444375,23.32469075,6020400.0,-0.0009156229420808493
105,2012-03-04,26.9180002,27.0829998,26.747999400000005,26.9899998,23.838023,6458960.0,0.004557693477458345
106,2012-03-11,27.0744994,27.2845,26.921500400000003,27.101999799999998,23.9847484,7323280.0,0.0022677785034269796
107,2012-03-18,27.563499999999998,27.742,27.4584998,27.623000400000002,24.4458232,9587680.0,0.0022423308619001813
108,2012-03-25,27.851000199999998,28.0659994,27.411,27.6359996,24.457325400000002,16630640.0,-0.006952767456420939
109,2012-04-01,26.9439998,27.1535,26.7935002,26.9975004,23.8922644,9810160.0,0.001890135407981703
110,2012-04-08,27.21312475,27.49375,27.123125,27.39187475,24.24128025,8021600.0,0.004455622128259581
111,2012-04-15,27.202999999999996,27.4284996,26.8680002,27.1610002,24.0369594,10877120.0,-0.0022226499476164603
112,2012-04-22,27.4314998,27.660999600000004,27.284500200000004,27.5084996,24.3444932,7681840.0,0.0029099286251604815
113,2012-04-29,27.2554996,27.555500000000002,27.023999800000002,27.326,24.182981599999998,8715120.0,-0.00023485121229551968
114,2012-05-06,28.103000200000004,28.3709998,27.8799998,28.1830002,24.9414152,9568800.0,0.002103855805559602
115,2012-05-13,27.243000000000002,27.5070004,26.9369996,27.2060002,24.0767856,9147200.0,-0.00645303761347635
116,2012-05-20,26.743999600000002,27.058500199999997,26.476000199999998,26.573500000000003,23.5170338,9603680.0,-0.005278733925291146
117,2012-05-27,26.7954994,27.1670002,26.654499800000004,26.9735,23.871025600000003,8615760.0,0.006255461948505578
118,2012-06-03,27.11750025,27.290625249999998,26.7631255,27.019375,23.95076675,9816300.0,-0.00981896670054225
119,2012-06-10,26.5130002,26.7570002,26.271499999999996,26.663999999999998,23.6755986,8302640.0,0.0075792224359126775
120,2012-06-17,26.3815,26.5780004,25.7169996,25.9524998,23.043844200000002,16014160.0,-0.013104167897536292
121,2012-06-24,25.2850004,25.454,24.9449996,25.110000000000003,22.295768000000002,13109280.0,-0.004673342132035202
122,2012-07-01,24.0224998,24.3095,23.6219998,23.9344998,21.2520134,28586400.0,-0.024863685880488123
123,2012-07-08,22.504375,22.81374975,22.35,22.68187475,20.1397795,19238400.0,0.010048227025445522
124,2012-07-15,22.883000199999998,23.1314996,22.6675,22.9810002,20.4053796,14438000.0,0.005589798006620658
125,2012-07-22,23.4344996,23.6620004,23.197000600000003,23.4375,20.8107154,11229040.0,-0.0019032487921765092
126,2012-07-29,23.5080002,23.788999999999998,23.339,23.6465002,20.996289400000002,10070880.0,0.008312174120623406
127,2012-08-05,23.5535004,23.7644998,23.2959998,23.4655,20.835579799999998,10247200.0,-0.0051359816019575
128,2012-08-12,23.822,24.004500200000003,23.737499800000002,23.8574996,21.183643999999997,8421440.0,-0.00014809330554471333
129,2012-08-19,23.7285,23.9790002,23.5494998,23.8010004,21.1334752,10916640.0,0.003690614185877912
130,2012-08-26,23.9525002,24.1069994,23.816000600000002,23.9849994,21.296851,7797200.0,0.001242746309199279
131,2012-09-02,24.402499999999996,24.627000000000002,24.2319998,24.4550004,21.7458936,9602160.0,0.0010297623408377229
132,2012-09-09,24.48625,24.68562525,24.3474995,24.58500025,21.90952975,7488100.0,0.004907353091557762
133,2012-09-16,24.8394998,25.0455004,24.5849998,24.8199996,22.1189542,13586400.0,-0.005410425371799624
134,2012-09-23,24.5095,24.6374998,24.1664996,24.329500000000003,21.6818356,13631600.0,-0.0002485069743725536
135,2012-09-30,23.7305002,24.0865,23.5385,23.84,21.2456068,17287120.0,-0.0033642166054103665
136,2012-10-07,23.8175002,24.0214996,23.5840004,23.7705002,21.183671,11891040.0,0.0006521774957565339
137,2012-10-14,23.7220006,23.8935002,23.608,23.6505,21.076728,7420080.0,-0.0016874177296463933
138,2012-10-21,24.155,24.38,24.0274998,24.221999599999997,21.586032,8360880.0,0.004254356552266246
139,2012-10-28,23.3564998,23.4629998,23.0239998,23.1325,20.6150988,10157680.0,-0.011303639350959967
140,2012-11-04,23.22083333333333,23.677499666666666,23.097499666666668,23.439166333333333,20.888391,10216000.0,0.012172174746806111
141,2012-11-11,23.5830002,23.754499799999998,23.3630002,23.510499799999998,20.951961599999997,7910400.0,-0.004774118139056237
142,2012-11-18,22.8879998,23.089499999999997,22.7065002,22.8889998,20.3981,9199600.0,0.0006057333177872145
143,2012-11-25,23.8356245,24.09062475,23.7231245,24.0175,21.4037885,7570400.0,0.010987307662786487
144,2012-12-02,24.3085004,24.6845,24.1870004,24.5125004,21.8449224,10323520.0,0.0015033875762343024
145,2012-12-09,24.4795002,24.651999800000002,24.294500399999997,24.495999599999998,21.868124599999998,7798160.0,0.002264505244764057
146,2012-12-16,24.6144996,24.8134998,24.4155,24.5465002,21.9696848,8654880.0,-0.003437408398603019
147,2012-12-23,24.7410002,25.0400002,24.5335004,24.9394998,22.3214284,12803040.0,0.016225904772207478
148,2012-12-30,25.875,26.15937525,25.66125,25.86000025,23.145298,8593100.0,-0.007533880758129866
149,2013-01-06,25.9600005,26.21999975,25.78000025,26.08624975,23.3477955,7086600.0,0.009098914768618006
150,2013-01-13,26.3370004,26.5060002,26.1509998,26.345999999999997,23.580275800000003,7246120.0,0.0008303314436392449
151,2013-01-20,26.701,26.877000199999998,26.5430002,26.732999799999998,23.926655399999998,5681880.0,0.0007143611451163862
152,2013-01-27,26.73499975,27.04,26.626250499999998,26.9975,24.1633865,8087350.0,0.010383704944237033
153,2013-02-03,27.184000200000003,27.314,26.880000000000003,26.9779998,24.1459334,7502640.0,-0.00677410291416401
154,2013-02-10,27.0009998,27.2849998,26.940999999999995,27.098000000000003,24.253337,5114760.0,0.0032875428557694853
155,2013-02-17,27.446999599999998,27.6610002,27.276999999999997,27.444000199999998,24.563012800000003,6411480.0,0.0013145930111928372
156,2013-02-24,27.34000025,27.46750025,27.05,27.1875005,24.3334395,7827300.0,-0.0021933881841471876
157,2013-03-03,27.178999599999997,27.380000799999998,27.0119998,27.193,24.3763058,7137480.0,0.0012809925523196608
158,2013-03-10,27.4930002,27.639000399999997,27.326999999999998,27.484000200000004,24.6942442,6580000.0,-0.0004748500171431854
159,2013-03-17,27.1389998,27.355,26.9659998,27.2339994,24.4696202,8462720.0,0.00032885730726644606
160,2013-03-24,27.525,27.8950002,27.308,27.595,24.7939806,14840640.0,0.016631045248707156
161,2013-03-31,29.58999975,29.7775005,29.315,29.56125025,26.56064575,10080850.0,-0.0021933665980689494
162,2013-04-07,29.394,29.664999599999998,29.197000600000003,29.438000199999998,26.4499068,7023240.0,-0.0001356026497107473
163,2013-04-14,30.0069996,30.3240004,29.877,30.1910002,27.126472999999997,6993480.0,0.005387192937064819
164,2013-04-21,30.220999999999997,30.500999999999998,29.931999400000002,30.216999800000004,27.1498288,7168560.0,0.0011193313167465416
165,2013-04-28,30.8339994,31.038000599999997,30.642000799999998,30.8529998,27.7212774,5089880.0,0.0031594241108501356
166,2013-05-05,31.547000200000003,31.940000199999997,31.410999800000003,31.746000400000003,28.5236332,7283400.0,0.0084163127017693
167,2013-05-12,32.0050006,32.235000400000004,31.857999799999998,32.027000599999994,28.776108800000003,5677320.0,0.0006495960865156938
168,2013-05-19,32.5050002,32.829001,32.286,32.615001,29.3044266,6250360.0,0.0017220216819138223
169,2013-05-26,32.2499988,32.353999599999995,31.877000599999995,32.1130004,28.853380400000002,7273240.0,-0.007900488595249272
170,2013-06-02,31.45375,31.71499975,31.18625025,31.284999749999997,28.15607975,6680200.0,-0.004540100667003421
171,2013-06-09,31.166999799999996,31.486,30.848000000000003,31.2469996,28.1692842,6645080.0,0.003504631110777802
172,2013-06-16,31.071000199999997,31.3309998,30.869999999999997,31.025,27.969151399999998,5903400.0,-0.002759992452124592
173,2013-06-23,30.851000399999997,31.032000599999996,30.5879998,30.7189998,27.6932914,9143720.0,-0.004311778951682881
174,2013-06-30,30.6249994,31.0939998,30.216000200000003,30.8189998,27.783441599999996,14169840.0,0.010014164108654343
175,2013-07-07,31.408749999999998,31.80499975,31.168750250000002,31.43125,28.33538525,7583650.0,-0.00015708451663536127
176,2013-07-14,31.9739998,32.1120006,31.7130002,31.863999999999997,28.7255118,6128520.0,9.425182947586895e-05
177,2013-07-21,31.569,31.816000000000003,31.427000600000003,31.6049998,28.4920238,5854760.0,-0.0010077174840914097
178,2013-07-28,31.4619998,31.607,31.277999799999996,31.413,28.318936,5801160.0,-0.0026056931203899372
179,2013-08-04,31.725,32.2109998,31.6310006,32.0750002,28.915731,8650000.0,0.011708709585816279
180,2013-08-11,33.062999000000005,33.281999,32.9269996,33.0930002,29.8334608,5409600.0,3.014553915443186e-05
181,2013-08-18,32.544999000000004,32.732,32.247001,32.3810002,29.191588799999998,5230240.0,-0.008188265758831881
182,2013-08-25,32.209,32.6199998,31.9650002,32.2539996,29.077097,6657800.0,0.0017519210761407715
183,2013-09-01,31.6879998,31.962,31.483999999999998,31.6399998,28.561428799999998,5367640.0,-0.004377093539091314
184,2013-09-08,32.2925005,32.688751499999995,32.0825005,32.4725,29.3714145,6304900.0,0.00845152442196352
185,2013-09-15,33.459999999999994,33.7430002,33.2700006,33.5800004,30.373145599999997,8294920.0,0.008820753245766182
186,2013-09-22,34.3869994,34.7399994,34.0730004,34.4860008,31.1926252,14684520.0,0.0042542336401861485
187,2013-09-29,35.2030006,35.4540002,34.847,35.1309998,31.776026,14257000.0,0.011946766027352165
188,2013-10-06,36.104,36.3529998,35.8149994,36.072999800000005,32.6280666,9661040.0,-0.004115936177896856
189,2013-10-13,35.9010004,36.3250002,35.626000399999995,35.9409996,32.5086754,8773240.0,0.0036264729832256155
190,2013-10-20,36.9839996,37.3800002,36.826000199999996,37.2759994,33.7161796,8423560.0,0.006614164566724236
191,2013-10-27,37.8709998,38.094,37.6719992,37.881999199999996,34.2643068,6817760.0,-0.0006067511243798244
192,2013-11-03,37.9980002,38.175,37.765,37.9370004,34.3140626,5811600.0,0.0009488737203679303
193,2013-11-10,38.2819998,38.5960008,37.8900004,38.314999799999995,34.6559576,5189480.0,0.002768040006163345
194,2013-11-17,38.746000800000004,39.0599998,38.5720004,38.9740006,35.2520284,4638200.0,0.005373228240804038
195,2013-11-24,39.2090006,39.3830004,38.9000018,39.11899939999999,35.3831816,5946880.0,-0.0008855729343673433
196,2013-12-01,39.76249975,39.88375075,39.52625,39.64999975,35.863465250000004,4788300.0,0.0008543707972986958
197,2013-12-08,39.5870004,39.803999399999995,39.3669998,39.584998999999996,35.8046722,5163520.0,0.0018113331355594537
198,2013-12-15,39.1469992,39.265,38.7169998,38.847000200000004,35.1804084,8278560.0,-0.008858475856918084
199,2013-12-22,38.6860008,38.9379996,38.402999799999996,38.7350006,35.1456284,13052640.0,0.002445702421797072
200,2013-12-29,38.849999499999996,39.088751,38.7037495,38.89000125,35.286256,5352500.0,0.0026367061130320437
201,2014-01-05,39.12374975,39.412499499999996,39.0199995,39.20624925,35.573204000000004,4827700.0,-0.0004161791035241384
202,2014-01-12,38.81,38.9359992,38.5210006,38.601998800000004,35.024947399999995,6216760.0,-0.0028654895555926974
203,2014-01-19,37.701000199999996,37.8109994,37.2519998,37.395999800000006,33.9307,7324600.0,-0.00939564163251345
204,2014-01-26,36.67500025,36.8125,36.32125,36.45375075,33.0757635,9822050.0,-0.005998626092330693
205,2014-02-02,36.1949996,36.548999800000004,36.0120004,36.316999800000005,32.9516862,10012000.0,0.0033218645999785884
206,2014-02-09,35.6850008,36.0009992,35.3219992,35.6190002,32.318363,7598560.0,-0.00043973083537936984
207,2014-02-16,36.839000799999994,37.2089998,36.6349988,37.0700004,33.634909199999996,6786440.0,0.006443432114853244
208,2014-02-23,37.51624975,37.92875125,37.46625025,37.761250749999995,34.26210425,6411800.0,0.0046520773648721665
209,2014-03-02,38.852999999999994,39.281999400000004,38.745999999999995,39.0689994,35.492216,7861600.0,0.004703666607585031
210,2014-03-09,39.1619996,39.4119996,38.8710006,39.1110002,35.5957224,6586160.0,0.0029412192608256785
211,2014-03-16,39.386,39.6710006,39.11899939999999,39.3600008,35.822343599999996,5806840.0,-0.00289015043283961
212,2014-03-23,39.3449994,39.5759996,38.8899994,39.2250002,35.6994742,13400200.0,-0.008103759476788621
213,2014-03-30,37.1900002,37.406000399999996,36.766999799999994,36.8590004,33.546126,8641840.0,-0.0044909449930371536
214,2014-04-06,37.1659996,37.365,36.8129988,36.9619994,33.639866,7869160.0,-0.0019128551857204225
215,2014-04-13,36.405999800000004,36.6489996,35.85,36.1009994,32.856254,10133280.0,-0.004414076159152775
216,2014-04-20,36.28249825,36.61750025,36.102501000000004,36.473749,33.1955005,7173750.0,0.009568892572543054
217,2014-04-27,36.9269996,37.168999199999995,36.665000199999994,36.8439994,33.532472999999996,5983840.0,-0.0036258119840185455
218,2014-05-04,36.3150002,36.6379998,36.0269988,36.3009994,33.03828,6544560.0,0.0007962177087374577
219,2014-05-11,36.3519996,36.636,36.094000199999996,36.422000000000004,33.148408599999996,5525680.0,0.0012564860197085061
220,2014-05-18,36.9140008,37.1880004,36.6600004,36.968,33.645336199999996,5772880.0,0.001329826479274965
221,2014-05-25,37.098999000000006,37.4160004,36.9060006,37.2689996,33.9192748,5495400.0,0.005100739773853102
222,2014-06-01,38.19624975,38.37874975,38.05375025,38.27124975,34.88649725,5152000.0,0.0034695699127732125
223,2014-06-08,38.132,38.337,37.8670008,38.050000999999995,34.739401199999996,6384760.0,-0.001776164120968382
224,2014-06-15,37.8039992,38.0000008,37.495999999999995,37.7509994,34.466413,6694320.0,-0.00426930877549669
225,2014-06-22,37.7339988,37.9400002,37.363000799999995,37.6589998,34.3824128,7773800.0,0.0012823875086906081
226,2014-06-29,38.061999400000005,38.4180008,37.770999800000006,38.1440002,34.825215,10503880.0,0.006755458368827856
227,2014-07-06,38.85375025,39.16250125,38.68875025,38.97375,35.582774,6452700.0,0.00246590105202007
228,2014-07-13,38.863999,39.1409996,38.6250006,38.9800002,35.5884856,6530600.0,-0.0029793694144740436
229,2014-07-20,38.6599988,38.9310008,38.4809998,38.694998600000005,35.328281600000004,6597160.0,0.0005942669728285221
230,2014-07-27,38.7480002,38.9939994,38.5999998,38.7550002,35.3830582,5181640.0,0.0005153468519437071
231,2014-08-03,38.9940002,39.3669996,38.7269996,39.0019996,35.608565799999994,6281120.0,-0.002433697343687915
232,2014-08-10,38.4159996,38.7120004,38.114999999999995,38.4629998,35.1164696,5646440.0,0.000728029944001529
233,2014-08-17,38.6800004,38.854,38.346,38.5470004,35.193160999999996,6359200.0,0.0001815941542901824
234,2014-08-24,39.2920006,39.5990006,39.168,39.4200012,35.990200200000004,4779280.0,0.005523946653729552
235,2014-08-31,39.7489988,39.8550004,39.526999599999996,39.6580012,36.2508744,5112480.0,-0.001875320331939955
236,2014-09-07,39.60999925,40.2162495,39.4274995,40.0074995,36.636879,7744300.0,0.010867879394893027
237,2014-09-14,41.0050004,41.252999599999995,40.7050002,41.0369996,37.5796424,7995240.0,-0.00048817208733307446
238,2014-09-21,40.9370004,41.029,40.5420006,40.8099998,37.371770600000005,9932640.0,-7.332233775944009e-05
239,2014-09-28,41.1,41.3990004,40.6579994,41.091999799999996,37.6300088,14033600.0,0.017967832840418488
240,2014-10-05,44.3300002,44.934999600000005,44.022999600000006,44.560999800000005,40.8067514,10683720.0,0.0017576174077156403
241,2014-10-12,44.2889996,44.604,43.8229994,44.054001,40.342461400000005,7301840.0,-0.006987408788250794
242,2014-10-19,42.984000200000004,43.5730002,42.495999,42.9879996,39.3662682,12094200.0,-2.2944313577416077e-05
243,2014-10-26,44.683000400000005,45.3469992,44.545999,45.0670006,41.2701158,6282720.0,0.008357015275077286
244,2014-11-02,46.05,46.3909994,45.7379998,46.2009994,42.3085724,5645040.0,0.004503371758889806
245,2014-11-09,47.084998999999996,47.217999199999994,46.7280004,47.0459988,43.0823868,5241960.0,0.0017349420709698153
246,2014-11-16,47.5659992,47.872000400000005,47.3420006,47.7269998,43.706018,5460800.0,0.0036349310303506535
247,2014-11-23,48.3170004,48.6799994,48.0120002,48.4199998,44.340626400000005,5431840.0,0.003981052072409327
248,2014-11-30,48.9662505,49.33,48.7924995,49.041250000000005,44.90953375,4704250.0,0.0047533382991929345
249,2014-12-07,49.2640008,49.56,48.9760002,49.2610008,45.1107722,4170320.0,8.05598633330404e-05
250,2014-12-14,48.6720012,49.1180002,48.2750002,48.5510002,44.511437799999996,6913880.0,-0.006466044486856839
251,2014-12-21,47.7279998,48.047000000000004,46.854000199999994,47.5059998,43.6287194,16387000.0,-0.0027852437813954286
252,2014-12-28,48.00500025,48.375,47.8687485,48.1275005,44.1994955,4622000.0,0.0051914163143221
253,2015-01-04,48.3762505,48.68875025,47.92250025,48.17000025,44.2385255,4461950.0,-0.004691068525239273
254,2015-01-11,47.4600006,47.809000600000005,46.9519996,47.436999400000005,43.565349,6477680.0,0.0020102776725406404
255,2015-01-18,47.3029992,47.6149992,46.7370004,47.0379998,43.198914200000004,6313680.0,-0.0063504119115049594
256,2015-01-25,47.13,47.60999975,46.8550005,47.3912505,43.52333525,7247800.0,0.008380393350454431
257,2015-02-01,47.388999999999996,47.647,46.8190002,47.1279998,43.2815752,6594440.0,-0.008302245892719568
258,2015-02-08,46.396,46.6409996,45.9169988,46.2939992,42.515639199999995,7264080.0,-0.0009997847379273925
259,2015-02-15,45.9209992,46.277999799999996,45.5560006,45.9269996,42.1785898,8625280.0,0.0005439811872330451
260,2015-02-22,46.29625025,47.0275,46.2475005,46.76374975,42.947047250000004,7379500.0,0.007729128181635443
261,2015-03-01,47.8699996,48.2710006,47.772999600000006,48.136,44.259001999999995,5993720.0,0.004561514002112317
262,2015-03-08,48.942,49.257000600000005,48.522000000000006,48.9610002,45.0953848,7344920.0,-0.0004329187764801325
263,2015-03-15,48.2429992,48.645000599999996,47.9050004,48.2129996,44.406439,6745000.0,-0.0022831422467468397
264,2015-03-22,48.9319992,49.3860006,48.5510002,49.0790008,45.2040672,13415320.0,0.012481942412450434
265,2015-03-29,50.1060006,50.5709998,49.752999599999995,50.031,46.0808992,8017480.0,-0.0041614618925685225
266,2015-04-05,50.26875025,50.49874975,49.8199995,50.05375125,46.1018565,5547600.0,-0.0005512530994554129
267,2015-04-12,50.040000199999994,50.4630006,49.8270006,50.0870004,46.1324746,5352520.0,0.0006211455990738137
268,2015-04-19,49.8319994,50.013999999999996,49.503,49.7080002,45.7834014,5590880.0,-0.0028612173595657228
269,2015-04-26,50.0380006,50.445999,49.7689994,50.248999600000005,46.281684,4848360.0,0.004812246189601483
270,2015-05-03,50.1229996,50.4620004,49.7090004,50.058999400000005,46.106687199999996,5953120.0,-0.0003370803456050564
271,2015-05-10,50.4439992,50.7959998,50.2730002,50.536,46.546032600000004,5223960.0,0.003267475489540659
272,2015-05-17,51.368000800000004,51.718000800000006,51.1159994,51.5740012,47.502083000000006,5564600.0,0.004898522614340163
273,2015-05-24,52.4730002,52.625,52.1259994,52.283000200000004,48.155100399999995,5505120.0,-0.0010505806870382687
274,2015-05-31,51.5550015,51.749999,51.005,51.2787495,47.2942485,6483000.0,-0.006696183968968473
275,2015-06-07,50.941999800000005,51.3620002,50.7469992,51.0359998,47.134887,4588840.0,0.000706922693910495
276,2015-06-14,51.35599979999999,51.706999800000006,51.0500002,51.378999199999996,47.4516678,4874440.0,0.003401277316584339
277,2015-06-21,52.2400002,52.7519996,52.120001200000004,52.5189994,48.504528,5396920.0,0.005230672436198852
278,2015-06-28,53.643999199999996,53.9229994,53.2550002,53.513999999999996,49.4234728,9255200.0,0.005882780796069536
279,2015-07-05,54.622499250000004,54.81625,54.1425,54.3737495,50.217507499999996,7090050.0,0.00036433652168023573
280,2015-07-12,55.0159996,55.431000600000004,54.5260002,55.035999000000004,50.8291318,6051920.0,0.0011797193893100342
281,2015-07-19,56.12099980000001,56.3880008,55.81600040000001,56.1790002,51.8847688,4901080.0,0.004083982132455989
282,2015-07-26,56.780000199999996,57.0220002,56.46900039999999,56.719998999999994,52.3844026,5848040.0,0.0003365853991044946
283,2015-08-02,56.85,57.3510002,56.506999799999996,57.0350008,52.6753282,6221720.0,0.00390881202837222
284,2015-08-09,57.879,58.2110002,57.1739996,57.6980002,53.2876562,5838640.0,-0.0012362377542726195
285,2015-08-16,56.9929992,57.4009994,56.5189994,57.08399959999999,52.7205872,5488120.0,-0.00026216108737208007
286,2015-08-23,56.84200059999999,57.2970002,56.030998999999994,56.393001000000005,52.082408799999996,7250560.0,-0.013547641240595997
287,2015-08-30,53.701,54.939,52.3230006,54.1280004,49.990538,13959680.0,0.010268012078668808
288,2015-09-06,55.1970012,55.561999400000005,54.7810004,55.1619994,50.997147999999996,7637280.0,-0.005058999597605888
289,2015-09-13,55.507501,55.9674995,54.84500025,55.47624975,51.3656575,6203450.0,0.004808052985513499
290,2015-09-20,56.7130006,57.447000200000005,56.410000000000004,57.1629998,52.9274248,9862920.0,0.005695283130073492
291,2015-09-27,58.432000200000004,59.09499960000001,58.0539992,58.775,54.419979999999995,15335720.0,0.01658937721068692
292,2015-10-04,61.2489998,61.9120002,60.3479996,61.38200019999999,56.83380520000001,11682320.0,0.00033571807571100706
293,2015-10-11,62.1199988,62.631999199999996,61.4439986,61.941000200000005,57.35139,8418080.0,-0.00043173792154973893
294,2015-10-18,63.3909996,64.0009992,63.18299879999999,63.733999,59.01153420000001,7679960.0,0.008661938506748665
295,2015-10-25,66.3350008,66.6749998,65.44000100000001,66.0990006,61.2012922,9401720.0,9.19478943398857e-05
296,2015-11-01,65.52200020000001,65.8610004,64.98900139999999,65.564,60.705942400000005,6462800.0,0.0007646438548527087
297,2015-11-08,65.714,66.0949996,65.1840008,65.6589994,60.7938982,5342240.0,0.0011415121912100102
298,2015-11-15,64.3699996,64.5919998,63.264000599999996,63.5739998,58.86339339999999,9161120.0,-0.015652201097703135
299,2015-11-22,62.6220018,63.290000199999994,62.0279992,63.0249992,58.3550664,11589640.0,0.016968238106317268
300,2015-11-29,66.5562515,66.9787505,66.174999,66.67875075,61.73808875,5991000.0,0.0031463596529235386
301,2015-12-06,66.1809998,66.711,65.44600080000001,65.9689988,61.0809304,8324320.0,-0.003000131212987986
302,2015-12-13,65.07199940000001,65.4559992,64.2459982,64.7069998,60.057669999999995,6639440.0,-0.009343593648121982
303,2015-12-20,64.7029992,65.1910002,64.173002,64.6139998,59.9713508,8721720.0,0.003500743142627852
304,2015-12-27,65.8125,66.00125125,63.818751500000005,64.590002,59.949080249999994,24349875.0,-0.0042373973593333
305,2016-01-03,63.7575,63.982501,63.1224985,63.455000749999996,58.8956315,6942000.0,-0.0027053096578958597
306,2016-01-10,60.9160002,61.717999999999996,60.434000600000005,60.822,56.451818,9894320.0,-0.011966990137753333
307,2016-01-17,59.155999599999994,59.7759994,58.1299996,58.8679992,54.63821420000001,10651760.0,-0.004500741332249329
308,2016-01-24,58.9525005,60.322500250000004,58.51749975,59.70000075,55.410433749999996,12677550.0,0.014019207646710816
309,2016-01-31,60.8120004,61.5059988,60.25400019999999,60.9200006,56.5427732,9532900.0,0.0036781800259476014
310,2016-02-07,61.8859998,62.3740006,60.456000599999996,61.1079994,56.7172686,9958280.0,-0.016253275963285463
311,2016-02-14,56.193999399999996,57.0739998,54.9479994,56.109999800000004,52.0783806,13765480.0,-0.002641116033413867
312,2016-02-21,58.209998999999996,58.7174995,57.38249975,58.4674995,54.266491,9532350.0,0.012488568146442778
313,2016-02-28,60.525999999999996,61.5580012,60.29,61.151999599999996,56.758106999999995,9367840.0,0.010797460689194474
314,2016-03-06,62.0839994,62.4819998,61.2260002,61.891999600000005,57.503672200000004,7765700.0,-0.004327635480054556
315,2016-03-13,59.502000599999995,60.1679992,58.5100006,59.2700012,55.15316320000001,10628280.0,-0.003890005602414204
316,2016-03-20,61.49399940000001,62.5340006,61.267999999999994,62.0480012,57.738203399999996,8683460.0,0.009459794928016414
317,2016-03-27,62.942501,64.08000075000001,62.46000025,63.427501,59.02188975,17766650.0,-0.005375688333338891
318,2016-04-03,61.5640006,62.1500002,61.3460006,61.5860008,57.308288600000004,7881840.0,-0.0001947484705201822
319,2016-04-10,60.246,60.7679998,59.415999,59.933999400000005,55.77103580000001,10026700.0,-0.007173736664638367
320,2016-04-17,59.0959998,59.6559998,58.2739998,59.008000200000005,54.9093554,10226480.0,0.00026909523516475395
321,2016-04-24,59.895999800000006,60.1960008,59.3640006,59.6520004,55.50862500000001,7059760.0,-0.0002354326346029629
322,2016-05-01,59.12800059999999,59.61999960000001,58.635999000000005,59.1,54.9949662,6800360.0,-0.0016558378070854168
323,2016-05-08,58.93200019999999,59.395999200000006,58.44400040000001,58.968,54.872132799999996,7985180.0,-0.001738100755359287
324,2016-05-15,58.19200060000001,58.864,57.7,58.0460006,54.01418220000001,8300880.0,-0.0038708621107476013
325,2016-05-22,56.576000199999996,57.2279998,56.0059998,56.7759994,52.8323886,10064240.0,-0.0029177105655242403
326,2016-05-29,56.267998999999996,56.664,55.831999999999994,56.120000600000004,52.22195380000001,9277980.0,-0.001029561171528174
327,2016-06-05,54.562501,55.1875,53.92749975,54.53250025,50.81810475,18452600.0,-0.012498032786804433
328,2016-06-12,54.102000399999994,54.7279998,53.865999599999995,54.4039994,50.773043,12600840.0,0.006116909972108609
329,2016-06-19,54.1620012,54.629999399999996,53.8600008,54.104,50.4930656,10225960.0,-0.005146404148362009
330,2016-06-26,54.232000199999995,54.784000400000004,53.8659998,54.08200000000001,50.472534,10685640.0,-0.004214639539521623
331,2016-07-03,53.78000039999999,54.420000200000004,53.089999399999996,54.1840004,50.5677256,19764780.0,0.01116741431611935
332,2016-07-10,55.5299995,56.130000249999995,55.369999750000005,55.90999975,52.17852725,8428350.0,0.004940960168121916
333,2016-07-17,57.798000200000004,58.267999399999994,57.50599999999999,57.8480012,53.987184,9025400.0,0.004014439690259819
334,2016-07-24,57.652000599999994,57.8039992,57.1260012,57.396,53.5653548,7334140.0,-0.0039791853934321685
335,2016-07-31,56.286,56.6980004,55.673999800000004,56.05,52.3091802,8405180.0,-0.0043840301172173935
336,2016-08-07,55.1579996,55.5939996,54.835999400000006,55.1439994,51.463652,7858380.0,0.0012572937905228156
337,2016-08-14,56.0980012,56.4919996,55.61,56.0120004,52.273720600000004,7233140.0,0.002137163721091935
338,2016-08-21,56.9420008,57.5340002,56.746,57.3240006,53.4981544,7821860.0,0.008497163260587044
339,2016-08-28,59.217999199999994,59.7880006,58.9,59.348000400000004,55.3870744,9315200.0,0.0003392638584643495
340,2016-09-04,58.364,58.8039992,57.8179994,58.1660002,54.3445154,7011460.0,-0.003349933042492266
341,2016-09-11,57.1225005,57.3575,56.3999995,56.65750025,53.023327,10340050.0,-0.011868121409121132
342,2016-09-18,55.252000599999995,55.704000199999996,54.972,55.43199980000001,51.8764282,8090160.0,-0.0005429448535266921
343,2016-09-25,55.230000000000004,55.596000000000004,54.890000199999996,55.1440004,51.6069024,8250020.0,-0.00010875736497932431
344,2016-10-02,53.827999,54.4360008,53.036000200000004,53.5600008,50.124508000000006,18544380.0,-0.009278101079510997
345,2016-10-09,52.4420008,52.6980002,52.0499998,52.1499992,48.804947,8682560.0,-0.0032938353644283687
346,2016-10-16,52.11800000000001,52.4059998,51.6419996,51.9399996,48.6084182,7906740.0,-0.0006575849652830843
347,2016-10-23,51.5600006,51.896,51.24599920000001,51.5419996,48.2359474,7491940.0,0.0005803311991356971
348,2016-10-30,51.7080002,52.168000000000006,51.3840006,51.7599996,48.439965799999996,10398100.0,0.0009634858213391103
349,2016-11-06,50.0800004,50.4760002,49.4439992,49.8419998,46.6449884,12082300.0,-0.008081118955828356
350,2016-11-13,50.632,51.1819998,50.308000199999995,50.854,47.5920752,8829080.0,0.003216592743587779
351,2016-11-20,50.793999400000004,51.2379988,50.318,50.7419996,47.4872634,7851440.0,0.001295765822282319
352,2016-11-27,51.465,51.6899995,51.13749975,51.4624995,48.161544750000004,4365925.0,0.002046405931345825
353,2016-12-04,50.7059998,51.109999800000004,50.2840006,50.564,47.3889586,7481920.0,-0.004157831680172797
354,2016-12-11,51.266000399999996,52.012,50.901999599999996,51.5579992,48.4250094,10014160.0,0.00493272996866048
355,2016-12-18,51.8340004,52.228000599999994,51.2239998,51.568,48.4343978,10893400.0,-0.0031177677653258747
356,2016-12-25,51.932000800000004,52.4099998,51.2959992,51.7979994,48.650422000000006,13966380.0,0.003851143085446029
357,2017-01-01,51.302499499999996,51.580000999999996,50.9125005,51.050001,47.947873,6639525.0,-0.005256169758371165
358,2017-01-08,52.5575,53.259999,52.31999975,53.005000249999995,49.784079750000004,12067425.0,0.014707304664481138
359,2017-01-15,53.145999,53.3260004,52.678,52.9000002,49.685454,7829720.0,-0.00370693760194361
360,2017-01-22,53.580001,53.78249925,52.915,53.26250075,50.02593525,8203300.0,0.0013192784226829662
361,2017-01-29,53.5120002,53.829999599999994,53.158000400000006,53.47800099999999,50.228338,6717200.0,-3.760503817826985e-05
362,2017-02-05,52.611999600000004,53.04,52.2760004,52.8320008,49.6215912,9529840.0,-0.003145485962690435
363,2017-02-12,53.4820008,54.4379998,53.386,54.20400059999999,50.9102196,10480400.0,0.01422592462508048
364,2017-02-19,56.2759994,56.7019988,55.95,56.444000200000005,53.014106000000005,8847080.0,0.0018766146191724156
365,2017-02-26,57.34000025,58.1625005,56.9750005,57.71250075,54.2055245,10967475.0,0.004842665117393445
366,2017-03-05,57.716000599999994,57.891999799999994,57.140000199999996,57.46,54.035382000000006,7301180.0,-0.004050417692139085
367,2017-03-12,56.690000399999995,56.902000599999994,56.2419996,56.5239996,53.254657800000004,7334820.0,-0.0009546592778683551
368,2017-03-19,57.226,57.686,56.744001000000004,57.4019988,54.081872399999995,9455360.0,0.004797565279249022
369,2017-03-26,56.2879998,56.9999998,55.815999399999995,56.467999199999994,53.2018982,20864520.0,-0.005045810720746786
370,2017-04-02,56.104000199999994,56.5519988,55.828000599999996,56.2,52.9493966,7411960.0,-0.002248220638422907
371,2017-04-09,55.2060006,55.615999599999995,54.8380006,55.166000399999994,51.9752036,7284940.0,-0.002237479108154811
372,2017-04-16,55.005000249999995,55.40499975,54.7574995,55.182500000000005,51.9907475,5901875.0,0.0010411920795272717
373,2017-04-23,55.95,56.4099998,55.670000400000006,56.092000799999994,52.8476418,6442040.0,0.0018347030692446656
374,2017-04-30,55.5479994,55.7839996,55.209999800000006,55.3920006,52.188133400000005,9136080.0,-0.001581881365148998
375,2017-05-07,54.9619994,55.0480004,54.386001,54.6020006,51.443827799999994,8386040.0,-0.005340474527886718
376,2017-05-14,54.408,54.712,53.938000599999995,54.4380004,51.2893096,6619640.0,0.0009246433311919978
377,2017-05-21,52.4479996,52.92800079999999,51.941999599999995,52.3599996,49.3315048,16746040.0,-0.009174019196394961
378,2017-05-28,52.145999800000006,52.4479994,51.892000800000005,52.143999400000006,49.1279964,9538240.0,0.0031430313374885164
379,2017-06-04,52.885000000000005,53.152499,52.479999500000005,52.79749975,49.82821825,12210425.0,0.0018471240606676817
380,2017-06-11,53.024000799999996,53.459999800000006,52.766000399999996,53.0759996,50.176532599999994,7648640.0,0.0018038416322549995
381,2017-06-18,53.553999399999995,53.8939994,52.9620004,53.4,50.4828338,13290120.0,-0.00902984678689676
382,2017-06-25,52.0239998,52.5159996,51.632000000000005,52.2840002,49.4277984,10829320.0,0.006734643280515892
383,2017-07-02,53.8479996,54.7559998,53.5519996,54.3519998,51.3828262,16944280.0,0.022015953886485064
384,2017-07-09,57.865001,58.275000500000004,57.46749975,57.83750075,54.67792025,10814525.0,-0.00435983010305256
385,2017-07-16,58.1820006,58.6560004,57.877999599999995,58.214,55.0338508,7572480.0,6.897741058200066e-05
386,2017-07-23,58.2919998,58.780000199999996,58.065999399999995,58.452000399999996,55.258850800000005,7844480.0,0.00661357752153415
387,2017-07-30,58.969999800000004,59.168000600000006,58.391999799999994,58.704000199999996,55.497077000000004,6311640.0,-0.0043164818610589035
388,2017-08-06,59.44599900000001,59.9759996,59.154000800000006,59.7159994,56.4537972,5905780.0,0.003681603701712705
389,2017-08-13,59.5059998,59.8299994,59.1959998,59.438000599999995,56.1909854,5105820.0,-0.002661530077434259
390,2017-08-20,58.074,58.443999399999996,57.4459998,57.858000200000006,54.697299799999996,10471280.0,-0.014121031584439123
391,2017-08-27,54.0479988,54.220000600000006,53.470000600000006,53.818001,50.8779984,8158000.0,-0.0038586368054580253
392,2017-09-03,53.0419998,53.3400002,52.6620004,53.0380006,50.2095918,7696500.0,-0.0020138189345408784
393,2017-09-10,52.84499925,53.042499250000006,52.510000250000004,52.589999000000006,49.88792775,7295800.0,-0.005494726575579205
394,2017-09-17,53.4000008,53.762,53.0599998,53.510000000000005,50.7606606,8020760.0,0.006298240816710718
395,2017-09-24,53.341999799999996,53.8199996,52.968,53.3640008,50.622166199999995,9791880.0,-0.0023527374073168726
396,2017-10-01,52.7639998,53.214,52.219999800000004,52.8159996,50.102314,17634640.0,-0.005291026997984128
397,2017-10-08,51.9759994,52.233999600000004,51.6720004,52.004,49.3320358,6898980.0,0.0021866527278307036
398,2017-10-15,51.402000599999994,51.5659996,50.890000199999996,51.178,48.5484788,10248740.0,-0.005570952158782725
399,2017-10-22,51.786,52.4300004,51.677999799999995,52.2839996,49.5976494,11054280.0,0.007997993721642529
400,2017-10-29,54.294000200000006,55.494000400000004,53.9119994,54.95799939999999,52.134265000000006,17360220.0,0.010642752874238241
401,2017-11-05,55.2360002,55.55,54.767999800000005,55.232000000000006,52.39418500000001,8841440.0,-0.0008954971689496063
402,2017-11-12,55.4840004,56.152000199999996,55.19599960000001,55.8340004,52.965254,8536100.0,0.001359579487524069
403,2017-11-19,56.4979996,57.1899994,56.21,56.988,54.05995780000001,9092580.0,0.010759009657528395
404,2017-11-26,58.96,59.3975,58.68999975,59.25749975,56.212855250000004,7360025.0,0.0005484813654608784
405,2017-12-03,59.673999,60.3139998,59.376000399999995,59.9740006,56.9302688,10248880.0,0.0018792117963526097
406,2017-12-10,60.3380006,60.9559996,59.85200139999999,60.4279988,57.5135904,7283360.0,0.004687450075491531
407,2017-12-17,62.944,63.8259994,62.6340012,63.540000199999994,60.4755006,12232560.0,0.011074291853478937
408,2017-12-24,63.992000600000004,64.6580016,63.11600020000001,64.1399988,61.04656620000001,13619920.0,-0.004684786261769659
409,2017-12-31,63.1675005,63.544999000000004,62.7449995,63.025000750000004,59.9853385,5683125.0,-0.0029402834154471074
410,2018-01-07,63.35750025,63.750001,62.907499,63.597500249999996,60.530227749999995,7503725.0,0.005651078398915554
411,2018-01-14,64.158001,64.5380004,63.7979998,64.3639998,61.2597634,7185360.0,0.002145370002177642
412,2018-01-21,64.43999875,65.205,63.77750125,64.63749975,61.520069,8773150.0,0.009631161642718992
413,2018-01-28,67.3499984,67.9240004,66.9279998,67.4559996,64.2026428,6864740.0,0.002454750224352388
414,2018-02-04,67.5419998,68.20800019999999,67.15,67.6000016,64.3396874,7518600.0,-0.002424989010282735
415,2018-02-11,64.7099992,66.24599900000001,63.3759992,64.64399940000001,61.5262574,12521400.0,-0.005214681696507219
416,2018-02-18,66.7600004,67.76800080000001,66.3300002,67.28000180000001,64.0351272,8445100.0,0.008402476361932098
417,2018-02-25,67.4850005,67.90750125,66.9174995,67.45750050000001,64.20405099999999,5227825.0,-0.0005129673235260558
418,2018-03-04,67.72799979999999,68.42399900000001,66.6519988,67.3839998,64.1720458,7027760.0,-0.006774254291517209
419,2018-03-11,65.0540008,65.4800004,64.5399992,65.1740006,62.218328,6651500.0,0.0012406545383531766
420,2018-03-18,66.6800006,67.1000016,66.0319992,66.2979996,63.2913498,7455100.0,-0.0011799413374479774
421,2018-03-25,66.1339994,66.7360002,65.2240004,65.581999,62.6078246,9924820.0,-0.00392231657934275
422,2018-04-01,65.8149985,66.8500005,65.324999,65.98750100000001,62.99493425,9551300.0,0.006905165497677686
423,2018-04-08,66.684001,68.0740006,65.76399980000001,67.2759994,64.2249994,10047740.0,0.0033137587940624278
424,2018-04-15,67.5940004,67.9919998,66.842,67.2059998,64.158175,6246880.0,-0.0008902180671610706
425,2018-04-22,66.89799980000001,67.1600006,66.18799920000001,66.51799919999999,63.5013694,7630240.0,-0.003479925904623459
426,2018-04-29,67.0799988,67.96600040000001,66.8019988,67.6259994,64.5591272,6574700.0,0.010234454355018862
427,2018-05-06,68.048001,68.551999,67.26800060000001,67.9499998,64.8684304,5696560.0,-0.004242495389406952
428,2018-05-13,68.3699982,68.7839996,67.70200059999999,68.41999799999999,65.3171158,5728620.0,0.0009668282355031477
429,2018-05-20,69.7479996,70.62199840000001,69.4500016,70.3879988,67.1958742,5988920.0,0.008273093606106596
430,2018-05-27,71.68399939999999,72.3159988,71.15,71.6919982,68.44073039999999,5893180.0,0.0025911067995204205
431,2018-06-03,71.77499975,72.2675,71.18250075,71.9275015,68.714054,5899975.0,0.0017585135362525417
432,2018-06-10,74.14399879999999,74.80200199999999,73.81400140000001,74.4580018,71.2798506,5439980.0,0.0057975072175782995
433,2018-06-17,74.611998,75.14400040000001,74.2899994,74.7059982,71.5172594,5913760.0,0.0024943775957411356
434,2018-06-24,74.2499986,74.9580018,73.8580018,74.39200120000001,71.21665800000001,6289160.0,-0.006458646748125961
435,2018-07-01,73.7520004,74.5440004,73.0479996,73.5279982,70.38953839999999,12838800.0,0.016337208362564713
436,2018-07-08,77.272503,77.9675005,76.3324985,76.91500075,73.63196925,7528150.0,-0.010247326326814087
437,2018-07-15,77.3099988,77.7799986,76.9420012,77.392,74.088611,4530420.0,0.002339800506714337
438,2018-07-22,76.9080002,77.5960008,76.5960024,77.1439986,73.8511962,5066720.0,-0.0010885034277940786
439,2018-07-29,76.7939986,77.6139998,76.0479996,76.864,73.583145,5725300.0,-0.0001819954650381605
440,2018-08-05,77.2639998,78.1319992,76.7860016,77.5600008,74.24943379999999,6299020.0,0.004755088815408695
441,2018-08-12,79.9979996,80.8919998,79.68800060000001,80.5060012,77.0696976,4924360.0,0.00499180609045795
442,2018-08-19,80.13200099999999,80.5820008,79.6580016,79.9320008,76.5201906,5943060.0,-0.002442709780575257
443,2018-08-26,82.3559982,83.1259994,81.9379974,82.6259994,79.0992002,5520080.0,0.00665905419099299
444,2018-09-02,82.5040008,83.0379988,81.8380018,82.3240008,78.848851,5162560.0,-0.0006073494108271554
445,2018-09-09,79.80500025,80.82250024999999,79.52000050000001,80.05500025,76.826708,11511425.0,-0.005846401813291835
446,2018-09-16,82.8159988,83.3600006,82.3980012,82.9379988,79.5934478,5956640.0,0.007791436387665702
447,2018-09-23,84.7019988,85.408,84.048001,84.774002,81.3554166,8132980.0,0.004874839030894001
448,2018-09-30,84.1380008,85.05599959999999,83.65,84.4039994,81.00031440000001,9836060.0,-0.0019498644617349827
449,2018-10-07,82.7599972,83.3660002,81.614,82.0059998,78.6990296,8510040.0,-0.011165232971057619
450,2018-10-14,78.16200119999999,79.2000002,76.5640018,77.2020018,74.08875739999999,10121160.0,-0.010795413503759189
451,2018-10-21,76.4239992,77.0140032,75.0740004,75.7520002,72.6972258,7054700.0,-0.004529916443177191
452,2018-10-28,73.4000014,74.0819992,72.248001,73.10800019999999,70.1598464,8563860.0,-0.00585220591408391
453,2018-11-04,74.9180008,76.08399779999999,73.933998,75.0220016,71.9966582,8242520.0,0.012139620645855628
454,2018-11-11,77.2339994,77.9020006,76.3500002,77.24199999999999,74.1271438,5826800.0,-0.0005753920424438119
455,2018-11-18,75.28000019999999,76.1439974,74.13399799999999,74.9139984,71.893016,6739240.0,-0.004288722931100724
456,2018-11-25,72.30500025,73.05999975,71.15,71.87500025,68.97657775,6426800.0,-0.01111446137377136
457,2018-12-02,73.1479994,74.148001,72.618001,73.78399959999999,70.85139319999999,6203500.0,0.009905864606657867
458,2018-12-09,75.9825,77.23500075,74.70000075,75.6525,72.81723225,8709900.0,-0.00599519168335665
459,2018-12-16,73.5919998,74.35999919999999,72.1360002,73.1720002,70.4296982,7331180.0,-0.002221170502951897
460,2018-12-23,71.1480012,72.0080004,69.1979996,69.9840014,67.3611816,13916700.0,-0.00044167305124924173
461,2018-12-30,71.5625,73.282501,70.07250049999999,72.0299985,69.33049375,8443125.0,0.0033285544427514397
462,2019-01-06,73.36750025,74.38500024999999,72.51000025,73.89999975,71.130415,7033350.0,0.004426110668552851
463,2019-01-13,76.1039992,77.02799999999999,75.5800002,76.2999998,73.4404676,9484660.0,0.003689795998861571
464,2019-01-20,77.4279998,78.8020004,77.2459976,78.2459974,75.313539,7145660.0,0.011275261075389512
465,2019-01-27,80.8425005,81.22750124999999,80.10000025,80.57500075,77.55525575,5953750.0,0.0004967218881922505
466,2019-02-03,80.7140016,81.2960008,80.29599759999999,81.0419998,78.00475300000001,5758160.0,0.0022206025884628036
467,2019-02-10,82.0220016,82.694,81.6100004,82.4619996,79.37153459999999,4615800.0,0.0020748315316344605
468,2019-02-17,84.35599979999999,85.0359984,84.0100006,84.7699996,81.5930296,5754380.0,0.007202390378275217
469,2019-02-24,84.24499899999999,84.79249975,84.0474985,84.52999875,81.36202625,6142675.0,-0.001822022299161764
470,2019-03-03,85.84799960000001,86.4840012,85.4279984,86.0060012,82.8258804,5759920.0,0.005584359794579131
471,2019-03-10,85.6699996,86.10399939999999,84.85400100000001,85.25400060000001,82.270021,4901060.0,-0.005489995558762816
472,2019-03-17,86.0479996,86.6340012,85.4659988,86.1700012,83.1539566,6081340.0,0.0046622156106601136
473,2019-03-24,87.0919998,87.60599979999999,85.8720002,86.48000160000001,83.4531114,10486220.0,-0.010914598346849413
474,2019-03-31,83.46600000000001,84.13599980000001,82.6800004,83.409999,80.490561,8836000.0,0.0048560005345115
475,2019-04-07,85.0860002,85.4220002,84.50400099999999,84.9500016,81.9766586,5256040.0,0.002806491409380216
476,2019-04-14,84.81400140000001,85.2880004,84.53399979999999,85.0259994,82.0500078,4362620.0,0.0019575919511728543
477,2019-04-21,87.6499995,88.539999,87.397499,88.14000125,85.05500624999999,5599775.0,0.008436730496021009
478,2019-04-28,87.987999,88.522,87.312001,87.8099992,84.7365538,6851340.0,-0.0020055354240914995
479,2019-05-05,87.262001,87.48800059999999,86.3899994,86.592,83.5611832,6551820.0,-0.006000107647063896
480,2019-05-12,82.8419984,83.7539994,82.11200099999999,83.1619996,80.2512438,8787260.0,-0.004126288561981368
481,2019-05-19,83.1240006,84.4079988,82.8039994,83.81199960000001,80.8784896,6130000.0,0.0014716492012276576
482,2019-05-26,82.96999980000001,83.4339996,82.4179992,82.8979994,79.9964814,6777080.0,-0.005782195897667469
483,2019-06-02,80.11999875000001,80.510002,78.62749875,79.11750025,76.40010275,8278275.0,-0.015761668622288685
484,2019-06-09,80.9279998,81.9740008,80.5360002,81.63200079999999,78.9940598,7241920.0,0.01562926287855226
485,2019-06-16,83.5080018,84.0679978,82.837999,83.1040008,80.4184904,4024820.0,7.191609048725042e-05
486,2019-06-23,83.9660004,84.6860002,83.33399940000001,84.19000100000001,81.4693908,6645940.0,0.0054616502768426375
487,2019-06-30,84.13399960000001,84.7499998,82.9140014,83.4560014,80.7591094,9020440.0,-0.004242947651611438
488,2019-07-07,85.3550015,86.23750125000001,84.915001,85.8475,83.07332425,6057050.0,0.008403915520863827
489,2019-07-14,87.7059996,88.7740006,87.31800080000001,88.274002,85.42141699999999,5488100.0,0.005229359994000673
490,2019-07-21,88.4679992,88.7820006,87.662001,87.9140012,85.073053,5053500.0,-0.00585229871143762
491,2019-07-28,86.8220002,87.3279982,86.3459992,86.837999,84.0318236,5417340.0,0.0022747053803671676
492,2019-08-04,85.8699998,86.6119998,84.51600040000001,85.02200020000001,82.2745056,6079980.0,-0.015183959546434997
493,2019-08-11,80.9919998,82.05,80.1399994,81.3060012,78.67859039999999,7020380.0,0.0020598612433117497
494,2019-08-18,80.96799920000001,81.9300004,80.2460004,81.1580004,78.5353728,6057600.0,-0.00419096803974949
495,2019-08-25,81.936,82.5779996,80.88799900000001,81.6299988,78.9921128,6690920.0,0.00039821565919369306
496,2019-09-01,83.1779998,84.16199800000001,82.6080002,83.5279998,80.8710312,4527900.0,0.009847988919084968
497,2019-09-08,86.31500075,87.232502,86.10499975,87.032499,84.437601,5116425.0,0.012098907893922359
498,2019-09-15,87.9020002,88.4179992,86.82000120000001,87.4479996,84.8407226,5186060.0,-0.0031135268514148806
499,2019-09-22,87.5819994,88.214,86.9059996,87.46399840000001,84.8562392,4672920.0,-0.0014712710027169396
500,2019-09-29,90.136,90.9619996,89.11200099999999,90.0319992,87.347679,11430480.0,0.012585855933555299
501,2019-10-06,92.3319992,93.23199919999999,91.48199919999999,92.59599920000001,89.8352296,6622740.0,0.0016398883723368098
502,2019-10-13,92.5720002,93.55,92.18200099999999,92.8639984,90.0952362,5804460.0,0.0017330881659030728
503,2019-10-20,94.7339982,95.58399940000001,94.402002,95.2419982,92.4023408,4689680.0,0.004674391227491586
504,2019-10-27,94.364,94.7880022,92.9599992,93.3119994,90.5298798,8564500.0,-0.011081863635522052
505,2019-11-03,90.30799859999999,90.6860002,89.31799900000001,89.8100004,87.1322906,7898500.0,-0.0038646355575302632
506,2019-11-10,90.3339996,90.51399819999999,89.3319994,89.8860002,87.2060198,6490020.0,0.0014079012428584543
507,2019-11-17,90.60800019999999,91.8399994,90.2220002,91.0300004,88.3159208,5194260.0,0.007066642708970286
508,2019-11-24,93.4100008,94.0860016,92.5479998,93.26800080000001,90.4871904,5505380.0,0.0006438357418224752
509,2019-12-01,93.75749975,94.147499,93.1624985,93.46500025,90.73748950000001,4471575.0,0.0004014399107437176
510,2019-12-08,94.36399839999999,94.7759996,93.6160002,94.5059998,91.9275252,5446720.0,0.007371304238564242
511,2019-12-15,97.0860002,97.8019988,96.6500018,97.26199940000001,94.60832359999999,5016440.0,0.0015813544659875358
512,2019-12-22,99.84399859999999,100.59399880000001,99.03399959999999,100.0280002,97.2988692,10490020.0,0.004430469025885906
513,2019-12-29,100.35000025,100.97250175,100.102501,100.61499975,97.869848,4674000.0,0.003994529997164964
514,2020-01-05,101.0175,101.80249975,100.57499899999999,101.557499,98.78663275,4223675.0,0.0008599890623023538
515,2020-01-12,101.5799988,102.2119994,100.936,101.5080018,98.73849179999999,5283460.0,-0.00201164500389014
516,2020-01-19,102.6019988,103.60999899999999,102.367999,103.154001,100.3395766,5772600.0,0.007068830959363092
517,2020-01-26,104.21749875,104.64250175000001,103.12750075,103.529999,100.7053205,5207075.0,-0.006051806022952375
518,2020-02-02,99.3499986,100.2520004,97.9979996,98.9960006,96.2950256,7172740.0,-0.011559705585889502
519,2020-02-09,100.6760012,101.51999980000001,99.6980012,100.17999879999999,97.4467148,6431700.0,0.006417223471671748
520,2020-02-16,101.214,102.3139998,100.60200019999999,101.9899996,99.207335,5370680.0,0.00808071076335448
521,2020-02-23,102.53000075,102.86999875000001,101.05500025,101.8099995,99.03224375,5823800.0,-0.008072738736294932
522,2020-03-01,92.2,94.20200059999999,90.70200059999999,91.7480012,89.293016,11330560.0,-0.0229540312491859
523,2020-03-08,90.8080002,92.60200019999999,89.0279998,91.26800080000001,89.0241822,11392300.0,-0.0022955040142989165
524,2020-03-15,81.8020002,83.2919984,78.1259994,81.23800059999999,79.24076679999999,17119000.0,-0.031245533097176998
525,2020-03-22,67.226001,72.28000039999999,63.424,68.4919982,66.8081296,17307340.0,-0.022761037241399235
526,2020-03-29,74.5359986,79.1259996,72.0600006,76.3340018,74.4573394,18995380.0,0.04204427152526507
527,2020-04-05,81.3959992,82.85200019999999,79.50000179999999,81.2699996,79.2719804,10309940.0,-0.010786750934503524
528,2020-04-12,85.5,86.7675,83.50250075,85.22000125,83.1248665,9037725.0,0.02395431951200923
529,2020-04-19,86.2100006,87.2839982,85.248001,86.6360016,84.5060578,7402780.0,0.007063559061479099
530,2020-04-26,87.84600040000001,88.88600160000001,86.787999,87.5179994,85.3663756,6019600.0,-0.003455327001505785
531,2020-05-03,88.3199996,89.2160004,87.0179994,87.7920014,85.6336362,7400900.0,-0.006509692997777032
532,2020-05-10,87.7560014,88.7800002,87.147998,88.0819992,85.9165114,6013320.0,0.011184727701177488
533,2020-05-17,87.7219986,88.9279998,86.29599920000001,87.75,85.5926774,6779360.0,-0.007822921293357338
534,2020-05-24,92.3679976,93.6619996,91.823999,92.7020004,90.4229326,6586420.0,0.01496770366444393
535,2020-05-31,98.095001,99.34,97.02000050000001,98.38250174999999,96.02374075,8173575.0,0.012559189178700542
536,2020-06-07,101.3480012,102.76000060000001,100.086,101.6759996,99.4237014,7620080.0,0.008208210375248066
537,2020-06-14,101.0100006,101.6020006,99.2939986,100.1279998,97.9099884,7027760.0,-0.01261842338385388
538,2020-06-21,98.562001,99.8119994,96.7359998,98.0639984,95.89170659999999,6560320.0,-0.001352694409684601
539,2020-06-28,99.334001,100.8139998,97.437999,99.31600040000001,97.1159836,11695740.0,-0.004455187720876924
540,2020-07-05,96.744999,98.170002,96.1174985,97.437502,95.279085,7444600.0,0.012391922442908581
541,2020-07-12,98.37800139999999,99.1040024,97.0020004,98.1679978,95.99340079999999,5446360.0,-0.0008960446807278037
542,2020-07-19,97.48800059999999,98.13800180000001,96.4320008,97.0600006,94.9099472,5208060.0,-0.0035209619417965465
543,2020-07-26,97.4139998,98.7759994,96.90800019999999,97.930002,95.760678,5188760.0,0.004417006622524443
544,2020-08-02,96.7399992,97.6600022,96.2900024,96.9759996,94.827809,4899340.0,-0.0016731356418788965
545,2020-08-09,98.9160004,100.31600040000001,98.2740006,99.78200079999999,97.5716538,5967200.0,0.008523874768425886
546,2020-08-16,105.2920012,106.76399999999998,104.2599992,105.740001,103.3976778,6012180.0,0.008777632155819608
547,2020-08-23,107.2419998,108.33999940000001,106.60799999999999,107.75600119999999,105.3690216,5483220.0,0.006143511980465537
548,2020-08-30,111.3839996,112.36599880000001,110.6699998,111.6,109.1765154,5030760.0,0.004575953506935802
549,2020-09-06,113.79199980000001,115.096001,111.93599999999999,113.7559996,111.4825224,5525920.0,0.0001958271526450263
550,2020-09-13,114.2425005,116.8824995,113.44750025,115.102501,112.8021165,6224000.0,0.012155167303119909
551,2020-09-20,117.8559982,119.31200240000001,117.16000060000002,117.6319994,115.28105780000001,7640240.0,-0.0057426724199359375
552,2020-09-27,121.272,122.78600019999999,119.0839996,121.266002,118.84243140000001,16396980.0,0.016032689601671264
553,2020-10-04,125.53599979999998,127.02000100000001,124.3819992,125.8979994,123.38186040000001,7429880.0,0.003842739460403189
554,2020-10-11,128.9399978,130.29400019999997,128.1619982,129.2620014,126.6786208,5305560.0,0.006739240314907196
555,2020-10-18,128.9520004,130.020001,127.578,128.66400159999998,126.09258580000001,4642960.0,-0.004602869066255256
556,2020-10-25,129.0400024,130.3839998,128.1459992,129.0720014,126.49242699999999,4158500.0,0.0030854597929613997
557,2020-11-01,125.81199980000001,126.6720016,123.11400160000001,124.2759996,121.792273,5953020.0,-0.01585987178073098
558,2020-11-08,126.16200260000001,127.76999980000001,125.272003,126.5839964,124.05414719999999,4037420.0,0.014175731883331955
559,2020-11-15,129.666002,130.54200120000002,126.9320006,127.84799960000001,125.29288799999999,6066320.0,-0.000964299273584496
560,2020-11-22,131.6460022,132.50800180000002,129.97,131.7680026,129.1345336,5530560.0,0.007196668773018079
561,2020-11-29,134.90750125,135.702503,133.5649985,134.65499875,131.9638555,5328600.0,0.002376255623594206
562,2020-12-06,135.5380036,136.6919982,134.5499998,135.97400199999998,133.31058960000001,5378640.0,0.0043326215054842665
563,2020-12-13,138.296002,139.4300016,137.2380004,138.3299988,135.838132,4913820.0,0.00032046910744995766
564,2020-12-20,139.28599839999998,140.16200220000002,137.3660004,138.3579986,135.8656432,9701440.0,-0.00018931159967511962
565,2020-12-27,142.8825035,144.3025015,141.5999985,142.4575005,139.89129275,6915225.0,0.007745898794307527
566,2021-01-03,142.307499,142.5949975,140.62499624999998,141.76250075000002,139.20880875,3328975.0,-0.00022963402325508456
567,2021-01-10,142.2900024,144.13200360000002,140.8700012,142.9960022,140.4201048,5124380.0,0.00678267331920462
568,2021-01-17,144.31000079999998,145.27200320000003,142.4839998,143.43200059999998,140.8482362,4355460.0,-0.007845789319977859
569,2021-01-24,141.2175025,142.53000275,139.7150005,140.7575035,138.22193525,4838475.0,-0.002445827637651554
570,2021-01-31,135.0559998,136.2579988,132.674002,134.396002,131.9750214,6507520.0,-0.008442683785129527
571,2021-02-07,138.6039978,140.5180024,137.6539978,139.9340028,137.41325339999997,5372680.0,0.016543340866993234
572,2021-02-14,143.46199959999998,144.10000300000002,141.8419984,142.6639984,140.0940794,4266400.0,-0.004164069284607283
573,2021-02-21,143.26999675,144.704998,140.98750325,143.202503,140.62287874999998,5820825.0,-0.0001759537630736793
574,2021-02-28,137.225998,138.25600300000002,133.93599880000002,135.7539978,133.362372,7607080.0,-0.010464821764084354
575,2021-03-07,135.5659972,136.7259982,132.925998,134.86399839999999,132.703836,5807500.0,-0.0021333032952349368
576,2021-03-14,136.9659974,138.9880006,136.2160004,137.947998,135.738434,5064020.0,0.010374847313588004
577,2021-03-21,142.8299988,145.3639986,141.1539978,143.0140012,140.723288,10268020.0,-0.0042600617269830015
578,2021-03-28,134.2440032,135.9899992,132.1340026,134.03600139999998,131.8890902,9952760.0,-0.006655449706707971
579,2021-04-04,133.2675015,134.03250125,131.5025025,132.965,130.83525075,6445000.0,-0.0008662369186892187
580,2021-04-11,135.3500028,136.8880006,134.2600008,135.5899964,133.41819759999998,6326040.0,0.0043587038071167305
581,2021-04-18,134.3200012,135.18200059999998,133.1699982,134.0839966,131.9363188,6981560.0,-0.0016904000705299516
582,2021-04-25,129.97599780000002,131.125998,128.3320008,129.7899994,127.71110080000001,7985020.0,-0.00623112175171823
583,2021-05-02,131.79200120000002,132.96399839999998,130.8720032,132.06000079999998,129.9447386,6900480.0,0.0036985841935096055
584,2021-05-09,133.1799988,134.89199820000002,132.3619994,133.6180024,131.47778920000002,6636880.0,0.007677610427060363
585,2021-05-16,135.9679992,137.1619996,134.2380004,135.2899964,133.12299480000001,6046400.0,-0.0027471829048514606
586,2021-05-23,134.7720002,135.3780028,133.502002,134.1720034,132.02291580000002,5089140.0,-0.0048701003200765525
587,2021-05-30,135.40600260000002,136.6200012,134.84200140000002,135.65800180000002,133.53930359999998,6603260.0,0.0056484176869362555
588,2021-06-06,135.03499975,135.792503,133.1325,134.14749899999998,132.2651675,5262125.0,-0.00503348216813875
589,2021-06-13,133.0619994,133.87600079999999,131.6059998,132.4119994,130.5540098,5425380.0,-0.002710073011734881
590,2021-06-20,129.89199960000002,130.776001,128.8200028,129.875998,128.0535964,7436020.0,-0.005423797591945198
591,2021-06-27,135.8380006,137.31199940000002,134.8839998,136.72200320000002,134.80354,14920840.0,0.03679889776549113
592,2021-07-04,154.85,156.7940002,153.8940002,156.1080016,153.917505,9820640.0,0.006864946993849347
593,2021-07-11,159.98500049999998,161.180004,158.50000025,160.47500250000002,158.22323225,5790800.0,0.001964210048589198
594,2021-07-18,161.46799919999998,162.2739962,160.61799919999999,161.2980008,159.03467719999998,5740820.0,-0.0014336903886847756
595,2021-07-25,160.2739992,162.175998,159.5699984,161.7459992,159.4763946,5293720.0,0.007983641568946468
596,2021-08-01,165.5020018,166.5879976,164.4440032,165.924002,163.59577,4256280.0,0.001377780048171853
597,2021-08-08,171.082001,172.4399994,170.2720002,171.7080018,169.2986174,4761900.0,0.006218370520887082
598,2021-08-15,171.4799988,172.65600279999998,170.449997,171.52800259999998,169.1211424,3680300.0,-0.0012888673986087443
599,2021-08-22,169.0440002,170.2899964,167.4980012,169.0419984,166.6700164,4799180.0,-0.004595476191046411
600,2021-08-29,169.14000240000001,170.0100004,168.0299988,168.8079986,166.49383840000002,3403080.0,-0.0002504589326103214
601,2021-09-05,165.7600004,166.4619966,163.972,164.8579986,162.81295740000002,4935160.0,-0.005186628574807495
602,2021-09-12,163.802498,164.43999875,162.07500075,162.5699995,160.55334075000002,6226850.0,0.0004588887272514764
603,2021-09-19,158.75599979999998,160.1279998,156.8680022,158.0420014,156.0815184,6799240.0,-0.008963717753466162
604,2021-09-26,155.071997,156.3080016,153.5540038,155.1760008,153.2510648,11727740.0,-0.008929298548152538
605,2021-10-03,146.7320008,148.1720002,145.3539976,146.3299988,144.514795,9642480.0,-0.003411507695685776
606,2021-10-10,149.11600040000002,150.9220002,148.403998,149.9460022,148.0859404,8147060.0,0.007238552100951609
607,2021-10-17,154.9420012,156.1300018,153.4660006,155.0160004,153.093051,6594540.0,0.00712497536937947
608,2021-10-24,159.24399739999998,161.0319976,158.126001,160.2719972,158.283844,5579040.0,0.00680646874168223
609,2021-10-31,163.553998,165.29400040000002,162.6500002,164.422,162.38236999999998,4651180.0,0.004607631454286325
610,2021-11-07,170.3000002,172.9120026,169.6299988,171.9220002,169.789331,5435560.0,0.011859625137920323
611,2021-11-14,171.1860016,172.3839966,168.578,169.998001,167.88920579999998,6190100.0,-0.009719164658997692
612,2021-11-21,171.00599979999998,173.552002,169.78200080000002,171.73000480000002,169.5997194,4477540.0,0.0067337918249930975
613,2021-11-28,171.1450005,173.32249475,169.96249775,171.6100005,169.48120875,5149300.0,-0.010004252318967847
614,2021-12-05,169.4819976,171.7380004,167.4399966,169.21000039999998,167.1714082,6475600.0,0.0026252383560378496
615,2021-12-12,170.1899994,171.5520018,168.723999,169.5220002,167.72000740000001,5422540.0,-0.0013911131705835289
616,2021-12-19,164.8859986,166.18800040000002,162.8740022,164.0439972,162.300235,6566460.0,-0.009323153965476599
617,2021-12-26,164.88000075,166.737503,162.4275015,163.68000025,161.94010925,7990750.0,0.006589986508743736
618,2022-01-02,167.452002,168.7160002,166.3580018,167.3880004,165.6086976,3135520.0,0.0012035903352140675
619,2022-01-09,164.55200180000003,165.2859986,161.2660006,162.2639982,160.53916320000002,5201660.0,-0.01199221737931302
620,2022-01-16,150.9440002,151.6140014,148.598004,150.1440002,148.547995,7197400.0,-0.01152540138181868
621,2022-01-23,146.40000175,147.9175035,144.16750325,144.43499775,142.899685,6168675.0,-0.008983201491676177
622,2022-01-30,144.5339996,147.3240022,141.7979984,145.2040008,143.6605102,7579960.0,0.004099024581625657
623,2022-02-06,147.3779998,148.4519992,145.6320006,147.14000240000001,145.5759248,5734500.0,-0.0007140481249615935
624,2022-02-13,144.9740022,146.31599740000001,143.1200012,143.9859986,142.4554504,5222200.0,-0.007298503785780253
625,2022-02-20,143.64599900000002,145.4660034,142.5899994,143.8820006,142.3525604,5971720.0,0.003913527329116242
626,2022-02-27,138.09500125,139.81249975,134.9474985,137.74750125,136.2832755,7770700.0,-0.007365207023856185
627,2022-03-06,135.201999,136.43200080000003,132.62199700000002,133.9199982,132.5556854,6510440.0,-0.011292739436548339
628,2022-03-13,126.92999879999999,128.123999,123.622,124.2519988,123.21173100000001,8473460.0,-0.013479741038738969
629,2022-03-20,123.2019986,125.5700014,121.36599879999999,124.16200260000001,123.12249139999999,10522560.0,0.013571215776188177
630,2022-03-27,133.28800040000002,134.9539978,131.1440002,132.4119994,131.30342100000001,10865860.0,0.0037141430957123066
631,2022-04-03,136.5739992,137.6920016,134.7859986,136.11399839999999,134.97442,6327960.0,-0.00026943047159290224
632,2022-04-10,130.8020002,132.0199984,129.23600000000002,130.5059998,129.4133744,5634800.0,-0.00820998066433829
633,2022-04-17,126.1049995,129.30250375,125.647499,127.74250225,126.673016,7360700.0,0.010150113483921253
634,2022-04-24,135.1860016,136.7179962,132.50800199999998,133.8160034,132.69566939999999,6367620.0,-0.006689382568880004
635,2022-05-01,125.04599900000001,127.3899992,122.653999,124.28999940000001,123.24941559999999,6583540.0,-0.006888823690595916
636,2022-05-08,121.96799940000001,123.7580002,118.05600139999999,121.6239992,120.60573280000001,8040540.0,-0.017084672632261162
637,2022-05-15,110.4279998,112.40200039999999,108.03999759999999,109.90599979999999,108.9858428,8301780.0,-0.0026022274794676335
638,2022-05-22,111.71999960000001,112.5400008,108.9519992,110.46200100000001,109.53719040000001,7052160.0,-0.009069020189077672
639,2022-05-29,108.4520004,111.0279998,107.6040008,110.60999899999999,109.6839464,6376380.0,0.014274547225339843
640,2022-06-05,119.26250075,121.665001,117.83,120.47249975,119.53816599999999,7589325.0,0.010468312250369781
641,2022-06-12,119.9,121.409999,118.23799879999999,119.52600079999999,118.81895460000001,4777600.0,-0.010559128858599647
642,2022-06-19,109.716002,111.4160004,108.4059996,109.8120008,109.162419,6688360.0,-0.01331604769509669
643,2022-06-26,107.20000075,109.4400005,106.66750175,108.6275005,107.98492625,8864375.0,0.012647436783740015
644,2022-07-03,105.4019988,107.75,102.8319992,103.98199919999999,103.36690519999999,14245900.0,-0.021937993551017207
645,2022-07-10,104.3925,106.7474995,103.83499925,106.1525,105.52456674999999,7488550.0,0.016145439993366196
646,2022-07-17,104.28400099999999,105.65,103.0720002,104.3800004,103.76255,6213060.0,-0.006076755922811836
647,2022-07-24,108.66200080000002,110.29799940000001,107.3600006,108.99600219999999,108.35124660000001,6404800.0,0.008269826472924888
648,2022-07-31,109.1160018,110.7059998,107.5059998,109.8979996,109.24790800000001,7061900.0,0.010357599023971495
649,2022-08-07,113.68399959999999,114.8160002,112.78000039999999,113.740001,113.067183,5123600.0,-0.0018357487078662824
650,2022-08-14,113.56599879999999,114.8080002,112.2979998,113.48399959999999,112.8126968,6078200.0,0.0038271968424370014
651,2022-08-21,115.93199919999999,117.0720016,115.08000039999999,116.118001,115.4311158,5259000.0,-0.005078135119797171
652,2022-08-28,111.54999860000001,112.8020002,110.009999,110.78600000000002,110.1306548,5403180.0,-0.008816465254152164
653,2022-09-04,107.4,108.266002,105.64600060000001,106.8839982,106.31212020000001,6300260.0,-0.004747444723559769
654,2022-09-11,106.72500025,108.86250125000001,106.01500125,108.33250225,108.00099900000001,6799250.0,0.01206916790773275
655,2022-09-18,107.31399839999999,108.61200120000001,106.01000060000001,106.9440002,106.61674659999998,6056180.0,-0.012743158916928853
656,2022-09-25,101.3779998,102.63800040000001,99.5959992,100.9979996,100.6889434,8022700.0,-0.014125399408732354
657,2022-10-02,94.3360002,95.8419998,92.8900008,93.9000002,93.6126616,19070100.0,-0.030926345802448553
658,2022-10-09,87.46999819999999,89.72799979999999,86.5960008,88.4940002,88.223204,13092460.0,0.009492034617132309
659,2022-10-16,87.7400008,89.1199982,86.33399979999999,88.0600006,87.7905334,9162800.0,0.0008929074057929705
660,2022-10-23,89.3759994,90.540001,87.7860002,88.7100006,88.4385454,8478980.0,0.002158491803177972
661,2022-10-30,90.13599860000001,92.49599880000001,89.1019988,91.298001,91.018625,8155100.0,0.011696420720643716
662,2022-11-06,93.2479994,94.9260008,91.7020002,92.58800060000002,92.304677,7989460.0,0.00413473004344019
663,2022-11-13,96.0119996,98.73800059999999,94.7880002,96.9739988,96.6772556,8924340.0,0.02042588938660792
664,2022-11-20,106.0359986,107.09400020000001,104.34199840000001,105.422,105.09940639999999,6225660.0,-0.0012670800624028848
665,2022-11-27,105.42000025,106.4500025,104.55749875,105.60250099999999,105.27935225,4346800.0,0.0012773256277541982
666,2022-12-04,107.28800059999999,109.476001,106.6220002,108.84199980000001,108.57760619999999,9085540.0,0.01144426227685647
667,2022-12-11,109.36199959999999,110.7299988,108.14400020000001,109.33200079999999,109.33200079999999,6185640.0,-0.005017859198628378
668,2022-12-18,111.09400020000001,111.9940004,108.80800159999998,110.16599879999998,110.16599879999998,8838820.0,-0.006445282791684212
669,2022-12-25,111.03000039999999,112.4160004,109.861998,111.0,111.0,16859360.0,0.018555157613680213
670,2023-01-01,116.67250075,117.93999875,115.58749975,116.72500025,116.72500025,5260150.0,0.001629093463989194
671,2023-01-08,120.19750025,122.35499949999999,119.705,121.27750025,121.27750025,8200175.0,0.01557180609486019
672,2023-01-15,126.30800179999999,127.7780002,125.61000220000001,127.0740002,127.0740002,7101620.0,0.00682046819225667
673,2023-01-22,126.31750100000001,127.43,125.370001,126.43000025,126.43000025,5984850.0,-0.0043646212138068585
674,2023-01-29,126.3740024,128.2680008,123.28800059999999,127.3999986,127.3999986,5713840.0,0.0014322248777193345
675,2023-02-05,127.61199959999999,129.27199860000002,126.548001,127.9740008,127.9740008,6142760.0,0.000125424476948989
676,2023-02-12,123.81599879999999,124.75799839999999,122.28200079999999,123.67600239999999,123.67600239999999,5391420.0,-0.00861484104983955
677,2023-02-19,124.16199959999999,126.33599999999998,123.7300004,125.60999899999999,125.60999899999999,5221820.0,0.004225669005700382
678,2023-02-26,120.7775,121.2250005,119.12750025,119.75,119.75,4731725.0,-0.014002331703780613
