,Fecha,Abrir,Máx.,Mín.,Cierre,Cierre ajus.,Volumen,rendimientos
0,2010-02-28,1103.544,1107.606,1095.328,1103.056,1103.056,4194034000.0,-0.0005576204130053461
1,2010-03-07,1117.194,1125.664,1116.0459999999998,1122.896,1122.896,4002330000.0,0.0061007141735807124
2,2010-03-14,1142.3700000000001,1147.666,1139.544,1144.958,1144.958,4805318000.0,0.0019731971701510012
3,2010-03-21,1158.422,1163.614,1153.646,1160.382,1160.382,4588800000.0,0.0017161095641032298
4,2010-03-28,1166.806,1174.04,1161.858,1168.0040000000001,1168.0040000000001,4751278000.0,0.001150233775314417
5,2010-04-04,1171.1100000000001,1177.1675,1168.2725,1173.505,1173.505,4237947500.0,0.0024545019719176965
6,2010-04-11,1184.434,1190.468,1180.2,1188.028,1188.028,4461554000.0,0.002743175688760105
7,2010-04-18,1202.102,1206.596,1195.498,1201.6460000000002,1201.6460000000002,5974902000.0,-0.00037544532290952824
8,2010-04-25,1201.73,1208.998,1195.3719999999998,1207.316,1207.316,5800096000.0,0.00417544767911792
9,2010-05-02,1202.33,1208.716,1190.824,1196.118,1196.118,6310456000.0,-0.005090188514182812
10,2010-05-09,1169.348,1176.258,1134.958,1156.152,1156.152,7683886000.0,-0.013203084980207771
11,2010-05-16,1152.264,1167.592,1141.538,1156.0620000000001,1156.0620000000001,5791750000.0,0.004415819290633715
12,2010-05-23,1113.8939999999998,1122.462,1092.06,1106.414,1106.414,6528052000.0,-0.008635081822418171
13,2010-05-30,1080.914,1092.312,1067.624,1081.6200000000001,1081.6200000000001,5528868000.0,0.00031601678523824754
14,2010-06-06,1089.3899999999999,1099.3575,1073.5575,1084.2,1084.2,5368597500.0,-0.005693537133367063
15,2010-06-13,1064.164,1078.47,1056.034,1069.3200000000002,1069.3200000000002,5369514000.0,0.004956478619083921
16,2010-06-20,1106.474,1115.794,1101.434,1110.604,1110.604,4637208000.0,0.00469169723187277
17,2010-06-27,1099.658,1104.7720000000002,1085.444,1090.2,1090.2,4699712000.0,-0.007429292779116111
18,2010-07-04,1049.5819999999999,1053.6619999999998,1032.3600000000001,1039.294,1039.294,5100892000.0,-0.01032553732655327
19,2010-07-11,1047.5125,1063.2,1043.3075,1059.135,1059.135,4419372500.0,0.013185380140978803
20,2010-07-18,1088.3600000000001,1094.366,1076.526,1086.124,1086.124,4487664000.0,-0.0024416498580702934
21,2010-07-25,1076.4720000000002,1089.766,1068.652,1084.1299999999999,1084.1299999999999,4580286000.0,0.006972665153843499
22,2010-08-01,1107.92,1114.592,1099.004,1107.6219999999998,1107.6219999999998,4271320000.0,-0.00019235481870728046
23,2010-08-08,1120.356,1126.222,1113.946,1124.202,1124.202,3963460000.0,0.0036056463136094966
24,2010-08-15,1105.2620000000002,1109.252,1095.346,1100.236,1100.236,4064104000.0,-0.007705108909381109
25,2010-08-22,1083.76,1090.1200000000001,1074.1960000000001,1082.68,1082.68,3777406000.0,-0.0014059027459313903
26,2010-08-29,1058.218,1066.164,1047.738,1057.274,1057.274,3951328000.0,-0.001329418642142599
27,2010-09-05,1066.7540000000001,1079.208,1062.678,1074.6299999999999,1074.6299999999999,3718470000.0,0.007362409838899757
28,2010-09-12,1100.17,1106.7525,1097.145,1101.11,1101.11,3195237500.0,0.0011381825030677333
29,2010-09-19,1120.85,1126.92,1116.98,1123.664,1123.664,3972432000.0,0.0028705629816106817
30,2010-09-26,1134.334,1144.7,1129.77,1138.054,1138.054,3884522000.0,0.004059481744155868
31,2010-10-03,1145.432,1151.202,1137.97,1144.4060000000002,1144.4060000000002,4037410000.0,-0.0004235461797053168
32,2010-10-10,1153.076,1160.97,1146.878,1156.192,1156.192,3905616000.0,0.0032725627288109843
33,2010-10-17,1171.242,1177.1460000000002,1164.576,1172.638,1172.638,4449160000.0,0.001886113391583374
34,2010-10-24,1176.51,1184.094,1170.232,1178.424,1178.424,4576282000.0,0.001168161268137237
35,2010-10-31,1184.3600000000001,1188.416,1178.192,1184.15,1184.15,4116414000.0,3.0426735016441547e-05
36,2010-11-07,1197.3799999999999,1207.664,1193.54,1204.5639999999999,1204.5639999999999,4798758000.0,0.0070722279716177155
37,2010-11-14,1216.416,1219.222,1205.878,1213.622,1213.622,4298262000.0,-0.004394294852381321
38,2010-11-21,1190.6860000000001,1197.208,1183.8319999999999,1190.22,1190.22,4177436000.0,8.670496271589064e-05
39,2010-11-28,1192.1100000000001,1196.0575,1183.03,1191.58,1191.58,3205160000.0,-0.0021618882968251767
40,2010-12-05,1197.076,1206.562,1191.602,1204.124,1204.124,4242568000.0,0.005851020597275097
41,2010-12-12,1228.026,1232.978,1224.5700000000002,1229.71,1229.71,4835082000.0,0.00254596539348499
42,2010-12-19,1241.182,1245.426,1237.048,1240.812,1240.812,4454044000.0,0.0005651472377520511
43,2010-12-26,1251.915,1256.0,1249.9825,1254.3225,1254.3225,2707105000.0,0.002571323273764284
44,2011-01-02,1257.748,1260.272,1255.398,1258.27,1258.27,2091158000.0,0.00013840225495740153
45,2011-01-09,1270.01,1276.584,1263.554,1272.7959999999998,1272.7959999999998,4731044000.0,0.0021920714154551506
46,2011-01-16,1277.55,1283.116,1273.8319999999999,1281.438,1281.438,4257314000.0,0.003390678306913278
47,2011-01-23,1288.055,1291.3049999999998,1280.6025,1285.1375,1285.1375,4974835000.0,-0.0019192127135910276
48,2011-01-30,1292.114,1297.3780000000002,1285.0040000000001,1290.906,1290.906,4631330000.0,-0.0010954478901867054
49,2011-02-06,1296.266,1304.648,1292.952,1303.1419999999998,1303.1419999999998,4345372000.0,0.005338886361928414
50,2011-02-13,1317.976,1325.166,1314.118,1323.104,1323.104,4021990000.0,0.0027697202520672076
51,2011-02-20,1332.684,1337.3139999999999,1330.0279999999998,1336.018,1336.018,2517822000.0,0.0020747446700952465
52,2011-02-27,1317.195,1322.085,1303.37,1312.205,1312.205,1928012500.0,-0.0043431350387179105
53,2011-03-06,1319.764,1327.804,1310.846,1318.8220000000001,1318.8220000000001,2404496000.0,0.00019234921191976749
54,2011-03-13,1312.568,1320.1399999999999,1301.864,1310.272,1310.272,4133818000.0,-0.002570281010705716
55,2011-03-20,1281.486,1287.6640000000002,1266.866,1277.614,1277.614,4781044000.0,-0.0038816928976081327
56,2011-03-27,1296.908,1306.192,1293.258,1302.6299999999999,1302.6299999999999,4018022000.0,0.005336200316663474
57,2011-04-03,1320.726,1327.71,1318.252,1323.226,1323.226,3659466000.0,0.00281312621733307
58,2011-04-10,1334.502,1338.518,1327.944,1332.544,1332.544,3977634000.0,-0.0006374555306617959
59,2011-04-17,1318.134,1323.35,1311.172,1317.4460000000001,1317.4460000000001,3940338000.0,-0.0012825543886486079
60,2011-04-24,1317.9225,1324.05,1312.655,1321.375,1321.375,3983390000.0,0.0033307982926153823
61,2011-05-01,1347.264,1354.172,1344.952,1352.4479999999999,1352.4479999999999,3523530000.0,0.003884623729360956
62,2011-05-08,1353.054,1357.9360000000001,1342.8719999999998,1348.092,1348.092,4072744000.0,-0.003463347645336291
63,2011-05-15,1346.226,1352.982,1337.7459999999999,1346.3899999999999,1346.3899999999999,3907822000.0,-0.00036296159657341987
64,2011-05-22,1334.762,1340.878,1327.8899999999999,1335.2,1335.2,3902876000.0,-0.0006738954500891943
65,2011-05-29,1322.692,1329.156,1315.73,1322.182,1322.182,3519106000.0,-0.0003257806505567635
66,2011-06-05,1325.9475,1330.3425,1312.08,1318.2125,1318.2125,4051132500.0,-0.00587958356340282
67,2011-06-12,1287.886,1293.3319999999999,1278.958,1282.1299999999999,1282.1299999999999,3710360000.0,-0.004539815474988367
68,2011-06-19,1273.102,1282.268,1265.046,1272.852,1272.852,4093202000.0,8.180988755082411e-05
69,2011-06-26,1283.0040000000001,1289.4360000000001,1272.572,1282.594,1282.594,3977604000.0,-0.0004803246467026054
70,2011-07-03,1294.756,1310.78,1294.0819999999999,1308.898,1308.898,3901108000.0,0.010925526466094872
71,2011-07-10,1342.29,1347.6750000000002,1334.6375,1343.53,1343.53,3737600000.0,0.0007695266317285271
72,2011-07-17,1320.7959999999998,1329.308,1311.646,1315.172,1315.172,4153686000.0,-0.0041596422560662705
73,2011-07-24,1324.224,1333.5220000000002,1317.848,1329.366,1329.366,4110088000.0,0.004341134521628278
74,2011-07-31,1323.716,1327.044,1309.2379999999998,1313.442,1313.442,4207194000.0,-0.00800015653701394
75,2011-08-07,1258.782,1266.696,1226.19,1240.156,1240.156,5268348000.0,-0.014920668707515706
76,2011-08-14,1156.9299999999998,1183.692,1126.174,1152.84,1152.84,3865062000.0,-0.0034598603120792625
77,2011-08-21,1181.212,1192.268,1159.366,1171.0639999999999,1171.0639999999999,4427032000.0,-0.00960598809844749
78,2011-08-28,1149.1219999999998,1171.6619999999998,1138.626,1159.968,1159.968,5309696000.0,0.009264675149730029
79,2011-09-04,1204.738,1218.856,1191.4879999999998,1204.056,1204.056,4650126000.0,-0.0004815445776755814
80,2011-09-11,1180.7925,1190.59,1159.4225,1175.9975,1175.9975,4649140000.0,-0.004239428107664894
81,2011-09-18,1177.6119999999999,1194.096,1170.028,1189.788,1189.788,4913056000.0,0.01042831044166361
82,2011-09-25,1183.298,1189.59,1158.288,1167.786,1167.786,5128284000.0,-0.013536647477939997
83,2011-10-02,1157.458,1176.1119999999999,1143.212,1156.242,1156.242,4960282000.0,-0.0008836577639844426
84,2011-10-09,1132.3600000000001,1149.426,1114.916,1137.528,1137.528,4514868000.0,0.004205010419893763
85,2011-10-16,1192.31,1209.294,1187.574,1205.184,1205.184,4555924000.0,0.01161987899613344
86,2011-10-23,1214.798,1229.154,1201.8139999999999,1217.952,1217.952,4767664000.0,0.002220232884265003
87,2011-10-30,1250.0880000000002,1267.352,1241.51,1258.984,1258.984,4912236000.0,0.007425932463773812
88,2011-11-06,1250.9299999999998,1260.4940000000001,1232.386,1244.7720000000002,1244.7720000000002,4549214000.0,-0.00502090725576417
89,2011-11-13,1251.8439999999998,1265.526,1238.04,1253.9379999999999,1253.9379999999999,3874182000.0,0.0016876798540770247
90,2011-11-20,1245.222,1249.79,1229.4959999999999,1235.6560000000002,1235.6560000000002,3865610000.0,-0.007776740926147535
91,2011-11-27,1189.3725,1193.1425,1171.315,1175.37,1175.37,3356230000.0,-0.012001529391260509
92,2011-12-04,1208.178,1231.86,1206.054,1224.712,1224.712,4335660000.0,0.014256850755037359
93,2011-12-11,1251.002,1263.788,1241.6219999999998,1253.22,1253.22,4034362000.0,0.001745981234205778
94,2011-12-18,1229.164,1237.456,1216.694,1221.886,1221.886,4235314000.0,-0.005742964833473472
95,2011-12-25,1232.886,1246.624,1227.0639999999999,1241.94,1241.94,3280102000.0,0.007352165268888102
96,2012-01-01,1260.7425,1265.7199999999998,1254.5375,1258.9225000000001,1258.9225000000001,2257637500.0,-0.0015319537578368505
97,2012-01-08,1273.53,1282.06,1266.3899999999999,1278.3075,1278.3075,3877267500.0,0.003985633103382828
98,2012-01-15,1287.584,1292.7779999999998,1280.816,1289.97,1289.97,3854788000.0,0.001757773596081598
99,2012-01-22,1301.6075,1310.495,1299.6125,1307.8975,1307.8975,4121290000.0,0.0050472635455619
100,2012-01-29,1318.036,1324.014,1309.784,1318.294,1318.294,4080966000.0,0.00014439281550993917
101,2012-02-05,1318.518,1328.524,1313.482,1323.99,1323.99,4225678000.0,0.004294419900165026
102,2012-02-12,1347.374,1350.026,1339.474,1347.1860000000001,1347.1860000000001,3861272000.0,-0.00033636716591592365
103,2012-02-19,1349.11,1356.588,1344.6299999999999,1352.9540000000002,1352.9540000000002,3882884000.0,0.0027501755521966973
104,2012-02-26,1361.08,1365.905,1357.345,1362.2675,1362.2675,3680180000.0,0.0008269258759640529
105,2012-03-04,1368.99,1374.7540000000001,1363.404,1369.834,1369.834,3782622000.0,0.0005688448176856647
106,2012-03-11,1359.046,1366.31,1352.234,1359.42,1359.42,3676690000.0,0.00018098888299537333
107,2012-03-18,1387.074,1395.42,1384.566,1393.618,1393.618,4281244000.0,0.004800161221752385
108,2012-03-25,1402.99,1406.682,1395.27,1401.6100000000001,1401.6100000000001,3682996000.0,-0.0010081127124663201
109,2012-04-01,1406.976,1413.132,1399.848,1409.264,1409.264,3698456000.0,0.0016196383040940347
110,2012-04-08,1409.8325,1414.0175,1399.0225,1407.365,1407.365,3659032500.0,-0.0018510355179994918
111,2012-04-15,1378.998,1386.182,1366.644,1373.466,1373.466,3818638000.0,-0.0040198727850285585
112,2012-04-22,1378.532,1388.212,1373.1,1380.188,1380.188,3701492000.0,0.0012034422349507397
113,2012-04-29,1381.688,1390.84,1376.462,1386.5880000000002,1386.5880000000002,3790184000.0,0.003570329438077925
114,2012-05-06,1400.09,1403.732,1388.0639999999999,1393.342,1393.342,3833174000.0,-0.004943154312672218
115,2012-05-13,1362.768,1367.6680000000001,1351.658,1359.852,1359.852,3941332000.0,-0.002308206733492727
116,2012-05-20,1330.1879999999999,1335.45,1317.33,1318.7779999999998,1318.7779999999998,4251866000.0,-0.008786398219481137
117,2012-05-27,1313.474,1322.786,1305.406,1317.9959999999999,1317.9959999999999,3765818000.0,0.003459658259909329
118,2012-06-03,1318.2775,1323.9475,1301.4525,1308.5275,1308.5275,4050725000.0,-0.007662800455542373
119,2012-06-10,1294.572,1308.032,1289.392,1303.892,1303.892,3887776000.0,0.007316558851689891
120,2012-06-17,1320.642,1332.822,1313.6380000000001,1323.986,1323.986,3715250000.0,0.0025752651106363995
121,2012-06-24,1345.328,1353.868,1335.214,1343.7959999999998,1343.7959999999998,4027288000.0,-0.0011681002336619
122,2012-07-01,1326.268,1337.4460000000001,1316.7379999999998,1331.352,1331.352,3752304000.0,0.004025080423369748
123,2012-07-08,1367.2224999999999,1370.5249999999999,1357.57,1365.4475,1365.4475,2801175000.0,-0.0013766027627331793
124,2012-07-15,1345.024,1352.08,1335.278,1345.384,1345.384,3333824000.0,0.00030979626030031953
125,2012-07-22,1364.656,1370.956,1357.188,1365.852,1365.852,3608082000.0,0.0008648852945198924
126,2012-07-29,1349.886,1362.034,1339.304,1354.542,1354.542,4031190000.0,0.0033923167316779294
127,2012-08-05,1378.2220000000002,1386.644,1370.798,1379.1860000000001,1379.1860000000001,3883892000.0,0.0007230936662090296
128,2012-08-12,1398.3139999999999,1404.568,1395.21,1401.2939999999999,1401.2939999999999,3182784000.0,0.0021281208777826216
129,2012-08-19,1407.106,1411.956,1403.714,1409.4479999999999,1409.4479999999999,2824746000.0,0.001740785698324803
130,2012-08-26,1412.91,1417.576,1405.6599999999999,1411.6,1411.6,2943798000.0,-0.000993890971576686
131,2012-09-02,1408.208,1413.384,1403.4479999999999,1407.258,1407.258,2628268000.0,-0.0006459151516328432
132,2012-09-09,1411.835,1422.04,1408.25,1419.605,1419.605,3564977500.0,0.0055090997051455105
133,2012-09-16,1439.4479999999999,1450.784,1437.3020000000001,1444.992,1444.992,4004608000.0,0.003836615346572797
134,2012-09-23,1461.5,1464.1100000000001,1456.21,1460.394,1460.394,3705514000.0,-0.0007683062983764105
135,2012-09-30,1447.758,1452.578,1438.628,1443.924,1443.924,3394752000.0,-0.002686177402272672
136,2012-10-07,1448.884,1459.412,1445.974,1452.712,1452.712,3429462000.0,0.0027929872148814913
137,2012-10-14,1444.794,1448.336,1436.654,1438.27,1438.27,3115478000.0,-0.004477055075543883
138,2012-10-21,1448.312,1456.076,1440.676,1449.298,1449.298,3692620000.0,0.0006429570353681052
139,2012-10-28,1420.5720000000001,1425.49,1409.0279999999998,1416.118,1416.118,3397482000.0,-0.0029876167561440066
140,2012-11-04,1416.9266666666665,1427.1266666666668,1410.3533333333335,1417.9833333333333,1417.9833333333333,3746493333.3333335,0.0005331183125498873
141,2012-11-11,1406.326,1414.834,1392.8139999999999,1399.508,1399.508,3602274000.0,-0.004917840515772934
142,2012-11-18,1368.66,1375.292,1358.4959999999999,1364.652,1364.652,3621476000.0,-0.0029156674096516857
143,2012-11-25,1381.38,1394.2675,1378.585,1393.72,1393.72,2688502500.0,0.008897556292638328
144,2012-12-02,1408.024,1413.406,1400.362,1409.458,1409.458,3390836000.0,0.0009952840210544183
145,2012-12-09,1411.2459999999999,1417.344,1405.434,1411.56,1411.56,3386154000.0,0.000266737271609506
146,2012-12-16,1422.4779999999998,1429.062,1417.766,1421.58,1421.58,3383768000.0,-0.000634259709080456
147,2012-12-23,1434.056,1442.758,1427.042,1437.3600000000001,1437.3600000000001,4108678000.0,0.0023307680452506452
148,2012-12-30,1423.685,1425.1175,1411.1175,1416.755,1416.755,2197712500.0,-0.0048932218949797966
149,2013-01-06,1437.6025,1455.645,1434.705,1453.6125,1453.6125,3665237500.0,0.011162926515085055
150,2013-01-13,1463.73,1467.6280000000002,1458.8020000000001,1464.846,1464.846,3600690000.0,0.0007595669530169526
151,2013-01-20,1473.726,1478.092,1469.098,1476.514,1476.514,3404978000.0,0.0018837000267366254
152,2013-01-27,1492.0425,1498.555,1488.835,1496.2875,1496.2875,3574670000.0,0.0028405024305283182
153,2013-02-03,1502.21,1508.224,1497.8799999999999,1504.252,1504.252,3780238000.0,0.0013540582136025358
154,2013-02-10,1508.336,1514.374,1500.664,1509.288,1509.288,3444132000.0,0.0006281553116569612
155,2013-02-17,1519.216,1522.534,1514.6619999999998,1519.5880000000002,1519.5880000000002,3416520000.0,0.00024492056311262725
156,2013-02-24,1516.275,1522.3675,1507.7275,1515.2275,1515.2275,3920850000.0,-0.0006901918141146127
157,2013-03-03,1506.212,1518.048,1496.736,1506.732,1506.732,3829222000.0,0.0003428044876444475
158,2013-03-10,1533.782,1542.45,1532.0,1540.3780000000002,1540.3780000000002,3597796000.0,0.00429810180374312
159,2013-03-17,1555.516,1559.274,1550.822,1557.4299999999998,1557.4299999999998,3614986000.0,0.0012237013894249177
160,2013-03-24,1553.15,1559.192,1544.298,1552.368,1552.368,3300302000.0,-0.0004888393787221825
161,2013-03-31,1558.7975000000001,1565.8025,1552.7225,1561.875,1561.875,3066520000.0,0.001967330246555171
162,2013-04-07,1563.054,1567.656,1552.492,1559.874,1559.874,3398392000.0,-0.002038147708587206
163,2013-04-14,1573.202,1583.336,1568.8600000000001,1580.3259999999998,1580.3259999999998,3238698000.0,0.004528331997918272
164,2013-04-21,1561.882,1569.806,1544.752,1555.1599999999999,1555.1599999999999,4005162000.0,-0.004274835938528785
165,2013-04-28,1572.124,1581.31,1568.596,1577.4940000000001,1577.4940000000001,3450094000.0,0.003441052025310337
166,2013-05-05,1590.768,1601.766,1586.098,1597.1779999999999,1597.1779999999999,3427490000.0,0.004026838900879129
167,2013-05-12,1623.4560000000001,1629.458,1620.0700000000002,1627.304,1627.304,3294078000.0,0.002374324401277299
168,2013-05-19,1645.1,1655.3139999999999,1641.6439999999998,1652.166,1652.166,3395934000.0,0.004092025318195642
169,2013-05-26,1659.9180000000001,1668.0459999999998,1649.4919999999997,1658.182,1658.182,3570650000.0,-0.002154934672149096
170,2013-06-02,1652.6175,1662.92,1643.0075,1648.3925,1648.3925,3660690000.0,-0.0028747336882691326
171,2013-06-09,1627.21,1636.644,1615.386,1629.328,1629.328,3631526000.0,0.0015442394043453885
172,2013-06-16,1632.184,1641.316,1621.026,1628.91,1628.91,3187002000.0,-0.0020366463367916436
173,2013-06-23,1627.096,1635.3899999999999,1612.208,1620.08,1620.08,4091850000.0,-0.00426214268222407
174,2013-06-30,1595.224,1605.08,1587.4379999999999,1596.772,1596.772,4078980000.0,0.0017319590151301189
175,2013-07-07,1613.55,1625.4775,1608.9575,1619.085,1619.085,2755502500.0,0.003954476444934005
176,2013-07-14,1652.264,1662.72,1650.898,1660.122,1660.122,3233274000.0,0.0058336059897924515
177,2013-07-21,1681.48,1687.64,1678.554,1684.2259999999999,1684.2259999999999,3122660000.0,0.0014115138000595166
178,2013-07-28,1691.9240000000002,1695.512,1684.0939999999998,1691.152,1691.152,3059340000.0,-5.201345286338283e-05
179,2013-08-04,1692.304,1700.012,1687.864,1694.712,1694.712,3384048000.0,0.0021191970880917407
180,2013-08-11,1699.7099999999998,1701.986,1691.23,1696.864,1696.864,2982014000.0,-0.002146391322955852
181,2013-08-18,1682.7459999999999,1685.4059999999997,1672.4,1677.234,1677.234,3066858000.0,-0.004253203826298542
182,2013-08-25,1651.534,1659.898,1646.238,1652.334,1652.334,2790186000.0,0.000924284557549653
183,2013-09-01,1643.8939999999998,1649.944,1634.294,1638.672,1638.672,2739144000.0,-0.0037046747505917995
184,2013-09-08,1646.8475,1657.7675,1641.1275,1650.775,1650.775,3281187500.0,0.0033758199658961707
185,2013-09-15,1677.45,1684.864,1674.968,1683.248,1683.248,3154566000.0,0.0039269498797162095
186,2013-09-22,1708.9900000000002,1719.0,1703.7740000000001,1712.0259999999998,1712.0259999999998,3731592000.0,0.002580453112985963
187,2013-09-29,1700.3259999999998,1704.03,1692.8200000000002,1696.4900000000002,1696.4900000000002,3062048000.0,-0.0021354482840665974
188,2013-10-06,1686.542,1692.3939999999998,1677.018,1687.916,1687.916,3171168000.0,-0.0001478305928788566
189,2013-10-13,1674.466,1684.482,1665.1200000000001,1676.7459999999999,1676.7459999999999,3226506000.0,0.0014968982862658216
190,2013-10-20,1713.282,1724.6239999999998,1707.682,1721.4779999999998,1721.4779999999998,3302596000.0,0.0047918294095118065
191,2013-10-27,1749.488,1754.6299999999999,1745.1200000000001,1751.5099999999998,1751.5099999999998,3492870000.0,0.001743027409514804
192,2013-11-03,1763.312,1769.3,1757.252,1763.11,1763.11,3535324000.0,0.0002124149333114174
193,2013-11-10,1762.636,1770.9739999999997,1755.11,1763.83,1763.83,3602804000.0,0.0010157853246088745
194,2013-11-17,1775.45,1783.3939999999998,1772.3319999999999,1782.0760000000002,1782.0760000000002,3095290000.0,0.00309018445829426
195,2013-11-24,1791.986,1799.114,1785.634,1792.2759999999998,1792.2759999999998,3162776000.0,0.0007305153364182334
196,2013-12-01,1805.3425,1809.585,1802.025,1804.5675,1804.5675,2659387500.0,0.00014540640807405355
197,2013-12-08,1796.196,1801.7559999999999,1787.4559999999997,1795.7959999999998,1795.7959999999998,3333712000.0,-7.975851001600296e-05
198,2013-12-15,1795.252,1797.384,1786.556,1788.8059999999998,1788.8059999999998,3217320000.0,-0.0033259527337834737
199,2013-12-22,1792.9599999999998,1804.94,1786.8239999999998,1801.2220000000002,1801.2220000000002,3880520000.0,0.004786461899807573
200,2013-12-29,1832.2175,1837.7,1831.4275,1836.1825,1836.1825,2048590000.0,0.0031532885009604274
201,2014-01-05,1840.7875,1844.0025,1834.5125,1838.195,1838.195,2615392500.0,-0.0013654578062652686
202,2014-01-12,1835.596,1840.732,1829.33,1836.5279999999998,1836.5279999999998,3475120000.0,0.0011976931272463063
203,2014-01-19,1839.0720000000001,1845.516,1830.586,1838.2100000000003,1838.2100000000003,3567970000.0,-0.0003987972210240127
204,2014-01-26,1838.7525,1841.3575,1820.9025000000001,1826.8525,1826.8525,3936835000.0,-0.00667029556855093
205,2014-02-02,1786.446,1794.53,1774.45,1785.0080000000003,1785.0080000000003,3810850000.0,-0.00086205099763447
206,2014-02-09,1761.7760000000003,1774.288,1750.08,1763.836,1763.836,4076028000.0,0.0016124748969501106
207,2014-02-16,1812.0099999999998,1824.386,1808.604,1821.462,1821.462,3348436000.0,0.004578198335424286
208,2014-02-23,1837.06,1844.8225,1830.545,1836.385,1836.385,3472885000.0,-0.00032382014280115783
209,2014-03-02,1846.05,1857.3440000000003,1841.286,1850.3259999999998,1850.3259999999998,3742346000.0,0.002511059313376221
210,2014-03-09,1866.732,1875.19,1859.904,1869.7040000000002,1869.7040000000002,3502434000.0,0.001989586948188021
211,2014-03-16,1867.28,1871.0880000000002,1853.346,1860.0940000000003,1860.0940000000003,3328212000.0,-0.003969833251803539
212,2014-03-23,1861.72,1873.532,1854.034,1866.0759999999998,1866.0759999999998,3535628000.0,0.002739244200554458
213,2014-03-30,1859.284,1868.6619999999998,1850.078,1856.4559999999997,1856.4559999999997,3355872000.0,-0.0009559272146922625
214,2014-04-06,1880.282,1889.054,1872.5639999999999,1880.524,1880.524,3276300000.0,0.0008026421640037324
215,2014-04-13,1852.9940000000001,1859.804,1835.316,1843.5900000000001,1843.5900000000001,3666776000.0,-0.0053687497085054756
216,2014-04-20,1839.3425,1852.5375,1833.705,1850.1875,1850.1875,3336122500.0,0.006678765036304331
217,2014-04-27,1875.4739999999997,1879.6619999999998,1867.92,1873.768,1873.768,3069702000.0,-0.00015556897451721505
218,2014-05-04,1876.514,1884.5459999999998,1870.1239999999998,1879.306,1879.306,3607606000.0,0.0018950400021047556
219,2014-05-11,1876.866,1883.134,1866.27,1876.94,1876.94,3222476000.0,-0.0002830073724312238
220,2014-05-18,1886.652,1892.574,1877.8079999999998,1886.268,1886.268,3093954000.0,-6.602171322412365e-05
221,2014-05-25,1883.2779999999998,1891.4540000000002,1878.5220000000002,1887.792,1887.792,2721034000.0,0.002399992805159432
222,2014-06-01,1911.1775,1917.7,1908.9425,1916.3225,1916.3225,2965002500.0,0.0030125099748923214
223,2014-06-08,1928.1860000000001,1934.152,1923.7419999999997,1933.398,1933.398,2829538000.0,0.0026718634605498045
224,2014-06-15,1944.566,1947.286,1937.0700000000002,1942.444,1942.444,2772774000.0,-0.0013671043553890516
225,2014-06-22,1946.534,1953.2720000000002,1943.036,1951.8200000000002,1951.8200000000002,3250200000.0,0.0027402115736345416
226,2014-06-29,1958.122,1962.8200000000002,1950.318,1958.06,1958.06,3196694000.0,-0.0001947077371704927
227,2014-07-06,1968.005,1976.27,1967.2425,1973.4025,1973.4025,2768790000.0,0.003101600698561807
228,2014-07-13,1971.628,1974.654,1962.386,1969.288,1969.288,2938562000.0,-0.0018082546445568897
229,2014-07-20,1972.9720000000002,1981.604,1965.4559999999997,1973.658,1973.658,3190470000.0,0.001079634330460107
230,2014-07-27,1982.114,1985.6779999999999,1976.804,1982.098,1982.098,2842770000.0,1.2131750817538125e-05
231,2014-08-03,1965.286,1969.5520000000001,1949.3439999999998,1954.95,1954.95,3483506000.0,-0.005450844489174834
232,2014-08-10,1922.7259999999999,1933.688,1912.042,1924.1200000000001,1924.1200000000001,3241478000.0,0.0006679222333311446
233,2014-08-17,1942.208,1950.446,1937.2459999999999,1945.5260000000003,1945.5260000000003,2749490000.0,0.0024154771109821905
234,2014-08-24,1978.194,1986.286,1976.0700000000002,1984.1239999999998,1984.1239999999998,2562986000.0,0.003381882346982419
235,2014-08-31,1997.348,2002.212,1994.3400000000001,1999.634,1999.634,2314342000.0,0.0015000934603500514
236,2014-09-07,2001.8274999999999,2008.57,1993.9075,2002.0900000000001,2002.0900000000001,2880167500.0,0.0005410016371722811
237,2014-09-14,1997.1799999999998,1999.846,1985.878,1993.732,1993.732,2946522000.0,-0.0022207703287304673
238,2014-09-21,1996.616,2006.36,1992.098,2001.288,2001.288,3452364000.0,0.002488557960415664
239,2014-09-28,1989.748,1997.5939999999998,1976.9240000000002,1984.8400000000001,1984.8400000000001,3229072000.0,-0.0027597007071728514
240,2014-10-05,1964.512,1972.28,1949.774,1962.0639999999999,1962.0639999999999,3761522000.0,-0.0015136438760948699
241,2014-10-12,1952.2459999999999,1963.0439999999999,1930.432,1940.6299999999999,1940.6299999999999,4076508000.0,-0.00637839515169612
242,2014-10-19,1875.56,1891.83,1853.304,1872.89,1872.89,4962132000.0,-0.0020427872568757367
243,2014-10-26,1923.78,1944.8020000000001,1919.1599999999999,1937.56,1937.56,3589572000.0,0.008083481945882872
244,2014-11-02,1978.218,1991.736,1972.1,1988.336,1988.336,3762182000.0,0.005370643322789534
245,2014-11-09,2021.0,2026.016,2014.0080000000003,2023.3220000000001,2023.3220000000001,3730468000.0,0.0013698920462127174
246,2014-11-16,2037.382,2041.7419999999997,2032.6080000000002,2039.068,2039.068,3234462000.0,0.0007760819613143075
247,2014-11-23,2046.852,2055.318,2042.7099999999998,2051.618,2051.618,3400928000.0,0.002308400308290948
248,2014-11-30,2069.34,2073.3575,2065.375,2069.2075,2069.2075,2942725000.0,0.0004913994600872421
249,2014-12-07,2066.684,2073.528,2060.6279999999997,2068.322,2068.322,3657260000.0,0.0007540565977812823
250,2014-12-14,2049.706,2056.6040000000003,2028.5900000000001,2036.786,2036.786,3992236000.0,-0.007165589713142848
251,2014-12-21,2009.1059999999998,2038.282,2001.72,2021.4279999999999,2021.4279999999999,5086390000.0,0.00671021303487142
252,2014-12-28,2079.5775000000003,2086.4375,2078.8025000000002,2082.84,2082.84,2391420000.0,0.00217820208448882
253,2015-01-04,2079.2825000000003,2084.995,2067.315,2072.005,2072.005,2551852500.0,-0.003685890391624748
254,2015-01-11,2035.2400000000002,2048.562,2016.854,2031.2079999999999,2031.2079999999999,3872572000.0,-0.0013053877553799414
255,2015-01-18,2020.422,2033.288,1999.7720000000002,2014.9299999999998,2014.9299999999998,4055114000.0,-0.0024989068344107085
256,2015-01-25,2034.5575,2048.7075,2023.3625,2042.4099999999999,2042.4099999999999,3856005000.0,0.003979215672953442
257,2015-02-01,2030.484,2039.1860000000001,2008.986,2021.0080000000003,2021.0080000000003,3911778000.0,-0.0056176332729558145
258,2015-02-08,2034.7940000000003,2052.5299999999997,2026.75,2046.0759999999998,2046.0759999999998,4164222000.0,0.005973098892459733
259,2015-02-15,2066.032,2077.2120000000004,2061.034,2073.866,2073.866,3626410000.0,0.0039996901861925884
260,2015-02-22,2098.1324999999997,2103.5675,2089.545,2101.9425,2101.9425,3315117500.0,0.0015817835712332606
261,2015-03-01,2111.804,2114.846,2105.254,2110.848,2110.848,3312386000.0,-0.0005504416495284044
262,2015-03-08,2105.632,2109.232,2091.948,2099.2,2099.2,3409900000.0,-0.0031841582958186524
263,2015-03-15,2059.748,2068.136,2047.666,2056.636,2056.636,3465796000.0,-0.001732032373333553
264,2015-03-22,2079.558,2096.292,2071.5080000000003,2090.468,2090.468,3900998000.0,0.005258022400279448
265,2015-03-29,2084.15,2089.98,2071.0860000000002,2074.828,2074.828,3299628000.0,-0.004517212399142991
266,2015-04-05,2068.955,2078.205,2059.2125,2070.1949999999997,2070.1949999999997,3233367500.0,0.0007194807266274561
267,2015-04-12,2079.08,2091.882,2074.344,2086.418,2086.418,3192474000.0,0.0033677774992076775
268,2015-04-19,2100.134,2106.412,2089.156,2096.214,2096.214,3457034000.0,-0.0019965551487195537
269,2015-04-26,2101.0420000000004,2112.9939999999997,2097.106,2107.254,2107.254,3320900000.0,0.003478166284944138
270,2015-05-03,2106.6059999999998,2113.9080000000004,2092.862,2104.866,2104.866,3789812000.0,-0.0008897359195026184
271,2015-05-10,2097.242,2109.034,2086.748,2097.6400000000003,2097.6400000000003,3550764000.0,0.0007395158968042503
272,2015-05-17,2108.1099999999997,2115.656,2100.686,2109.352,2109.352,3164854000.0,0.0006256448507391038
273,2015-05-24,2126.8900000000003,2133.19,2123.222,2127.952,2127.952,2970484000.0,0.0003135010844817418
274,2015-05-31,2118.35,2123.6225,2105.515,2113.965,2113.965,3344457500.0,-0.0022050716365749467
275,2015-06-07,2107.426,2114.5080000000003,2098.038,2104.814,2104.814,3120956000.0,-0.0013865995896017065
276,2015-06-14,2093.2400000000002,2101.916,2085.988,2093.52,2093.52,3042810000.0,0.00012228501386472545
277,2015-06-21,2099.1279999999997,2108.764,2090.8959999999997,2102.478,2102.478,3434776000.0,0.0015109132061086642
278,2015-06-28,2114.3779999999997,2121.5919999999996,2107.626,2111.886,2111.886,3492754000.0,-0.0008073182388736406
279,2015-07-05,2076.2125,2085.1875,2062.745,2068.7375,2068.7375,3620325000.0,-0.002956999916232045
280,2015-07-12,2064.72,2079.12,2049.91,2064.942,2064.942,3613136000.0,-1.5409062462489602e-05
281,2015-07-19,2105.222,2116.024,2102.226,2113.3759999999997,2113.3759999999997,3190098000.0,0.004760339491275374
282,2015-07-26,2117.802,2120.54,2104.956,2108.688,2108.688,3585296000.0,-0.004468731820283493
283,2015-08-02,2092.404,2101.822,2084.746,2096.386,2096.386,3850828000.0,0.002312927206573962
284,2015-08-09,2096.16,2101.3599999999997,2082.924,2090.466,2090.466,3768210000.0,-0.002513060966496719
285,2015-08-16,2086.816,2096.49,2073.686,2089.846,2089.846,3501872000.0,0.0013403390446259029
286,2015-08-23,2079.614,2082.6400000000003,2050.118,2057.118,2057.118,3654262000.0,-0.011883083873563832
287,2015-08-30,1932.962,1967.872,1904.9599999999998,1935.5720000000001,1935.5720000000001,5217994000.0,0.0018162841758777627
288,2015-09-06,1954.378,1965.7,1928.3,1941.4479999999999,1941.4479999999999,3743472000.0,-0.0069212474688047365
289,2015-09-13,1947.9475,1971.3475,1935.39,1956.1975,1956.1975,3511420000.0,0.005129910792451625
290,2015-09-20,1976.234,1990.806,1964.136,1974.932,1974.932,4015154000.0,-0.00030823566732667213
291,2015-09-27,1947.2419999999997,1956.122,1929.602,1942.4099999999999,1942.4099999999999,3616308000.0,-0.002744960645601403
292,2015-10-04,1907.9279999999999,1925.5520000000001,1886.532,1912.214,1912.214,4269258000.0,0.0020625005715737468
293,2015-10-11,1986.208,2003.346,1979.58,1998.2240000000002,1998.2240000000002,4169880000.0,0.00640760759202183
294,2015-10-18,2011.03,2021.65,2003.998,2014.4720000000002,2014.4720000000002,3456296000.0,0.0018004074150704253
295,2015-10-25,2035.6800000000003,2049.296,2029.2419999999997,2042.2060000000001,2042.2060000000001,3757184000.0,0.004093359962678633
296,2015-11-01,2077.732,2084.54,2070.09,2079.238,2079.238,4113186000.0,0.00040534276639813354
297,2015-11-08,2098.8540000000003,2109.5919999999996,2089.88,2103.0559999999996,2103.0559999999996,4106372000.0,0.0018992331418177875
298,2015-11-15,2074.818,2076.82,2056.136,2060.862,2060.862,3938264000.0,-0.007390997832514362
299,2015-11-22,2058.852,2077.804,2055.772,2071.524,2071.524,3930538000.0,0.006433105461675361
300,2015-11-29,2087.9875,2094.005,2080.5275,2088.6775,2088.6775,2948172500.0,0.00011245956430903672
301,2015-12-06,2081.508,2096.058,2066.808,2080.772,2080.772,4091838000.0,0.00015113109906581684
302,2015-12-13,2064.036,2071.904,2042.02,2050.576,2050.576,4123770000.0,-0.007731843943028599
303,2015-12-20,2039.998,2054.138,2021.646,2037.172,2037.172,4922378000.0,-0.0006789589190257881
304,2015-12-27,2034.785,2049.4325,2031.8375,2046.35,2046.35,3044272500.0,0.006817028131808469
305,2016-01-03,2064.06,2069.8025,2052.5825,2060.54,2060.54,2514317500.0,-0.002076783044946676
306,2016-01-10,1998.9959999999999,2003.514,1966.038,1976.95,1976.95,4417938000.0,-0.012299479707199582
307,2016-01-17,1920.53,1936.902,1887.7239999999997,1910.9599999999998,1910.9599999999998,5058230000.0,-0.004386925162870592
308,2016-01-24,1875.9250000000002,1894.08,1850.8175,1879.1375,1879.1375,5331247500.0,0.003507898376404215
309,2016-01-31,1893.3619999999999,1914.64,1879.0220000000002,1899.452,1899.452,4740788000.0,0.0034665579810764235
310,2016-02-07,1920.8020000000001,1928.1779999999999,1892.598,1910.0880000000002,1910.0880000000002,4816386000.0,-0.0063026609061896085
311,2016-02-14,1851.8419999999999,1866.9759999999999,1831.444,1850.274,1850.274,5097714000.0,-0.00163105771234123
312,2016-02-21,1903.6375,1918.8075,1896.875,1914.5025,1914.5025,4540387500.0,0.0070062958489426775
313,2016-02-28,1934.2400000000002,1947.19,1921.214,1939.264,1939.264,4145866000.0,0.003132121035025868
314,2016-03-06,1968.086,1985.19,1960.368,1978.084,1978.084,5041234000.0,0.00526266166107468
315,2016-03-13,1992.0220000000002,2004.628,1982.122,1996.4080000000001,1996.4080000000001,4420672000.0,0.0022077804012404557
316,2016-03-20,2023.368,2034.226,2018.128,2030.5919999999999,2030.5919999999999,4427754000.0,0.002690762311502849
317,2016-03-27,2044.3875,2048.775,2035.2649999999999,2043.5125,2043.5125,3460572500.0,-0.0016693163513136814
318,2016-04-03,2050.46,2062.7560000000003,2043.9959999999999,2057.706,2057.706,3537400000.0,0.0035866145458106637
319,2016-04-10,2057.96,2065.498,2044.7419999999997,2053.4939999999997,2053.4939999999997,3710442000.0,-0.002444465166733842
320,2016-04-17,2065.172,2076.444,2060.3959999999997,2069.928,2069.928,3893346000.0,0.003210083615560444
321,2016-04-24,2093.996,2101.572,2086.274,2096.12,2096.12,3872892000.0,0.0010401935098546863
322,2016-05-01,2086.858,2091.8559999999998,2073.906,2083.15,2083.15,3998320000.0,-0.0025288533833799274
323,2016-05-08,2061.0739999999996,2067.77,2050.3540000000003,2060.738,2060.738,3975588000.0,-0.0007917651349357832
324,2016-05-15,2066.6279999999997,2074.618,2055.532,2063.652,2063.652,3714614000.0,-0.0010263805651128301
325,2016-05-22,2048.4080000000004,2060.148,2037.9260000000002,2050.772,2050.772,3813212000.0,0.0005572189516359343
326,2016-05-29,2073.062,2084.668,2071.196,2080.7599999999998,2080.7599999999998,3370424000.0,0.0045037529802086865
327,2016-06-05,2098.9625,2103.445,2086.9275,2100.1675,2100.1675,3825020000.0,8.33692615234596e-06
328,2016-06-12,2109.788,2116.068,2104.282,2110.442,2110.442,3468828000.0,-0.0002917620654721382
329,2016-06-19,2078.112,2084.578,2065.114,2075.018,2075.018,3855486000.0,-0.0023852714402391676
330,2016-06-26,2089.4260000000004,2102.232,2073.666,2081.666,2081.666,4152774000.0,-0.0032916824536722996
331,2016-07-03,2050.6639999999998,2069.6639999999998,2041.788,2061.8419999999996,2061.8419999999996,4428096000.0,0.006332345500211228
332,2016-07-10,2096.7174999999997,2109.14,2087.81,2104.02,2104.02,3694952500.0,0.003183477345805963
333,2016-07-17,2149.608,2158.6099999999997,2146.2200000000003,2153.444,2153.444,3488338000.0,0.002967684540695274
334,2016-07-24,2166.2619999999997,2171.656,2161.304,2168.778,2168.778,3130338000.0,0.0012258009166154784
335,2016-07-31,2169.4739999999997,2174.434,2160.886,2169.58,2169.58,3639634000.0,-0.0001315356837941671
336,2016-08-07,2166.44,2172.668,2158.8419999999996,2167.7560000000003,2167.7560000000003,3702708000.0,0.0008511491176139375
337,2016-08-14,2182.1040000000003,2186.248,2177.17,2181.5919999999996,2181.5919999999996,3268124000.0,0.00010808533508463909
338,2016-08-21,2183.2599999999998,2187.032,2177.662,2184.282,2184.282,3209842000.0,-1.6483818394333806e-05
339,2016-08-28,2180.5739999999996,2186.434,2172.828,2177.298,2177.298,3055794000.0,-0.0013627717897276425
340,2016-09-04,2174.404,2179.594,2166.5260000000003,2175.6580000000004,2175.6580000000004,3182242000.0,0.001006205818820483
341,2016-09-11,2179.655,2182.115,2164.8675,2170.4375,2170.4375,3682217500.0,-0.006055605167020305
342,2016-09-18,2134.206,2150.578,2122.57,2139.65,2139.65,4040866000.0,0.0010639893665815088
343,2016-09-25,2155.748,2164.652,2149.912,2156.774,2156.774,3351674000.0,0.0023727871046837984
344,2016-10-02,2158.368,2168.0080000000003,2148.018,2159.3599999999997,2159.3599999999997,3769762000.0,0.00033049008664997063
345,2016-10-09,2161.052,2164.522,2149.8120000000004,2157.186,2157.186,3546094000.0,-0.0013447497567361463
346,2016-10-16,2145.87,2152.7799999999997,2133.94,2141.02,2141.02,3192096000.0,-0.0019371605609238122
347,2016-10-23,2138.802,2143.648,2132.32,2138.578,2138.578,3233216000.0,0.0007655350538038236
348,2016-10-30,2142.296,2147.962,2134.462,2138.674,2138.674,3826388000.0,-0.0013825252998733446
349,2016-11-06,2110.096,2115.618,2097.2799999999997,2101.93,2101.93,4097776000.0,-0.0039159858580236255
350,2016-11-13,2138.454,2159.438,2130.632,2153.254,2153.254,5076320000.0,0.00746222103005454
351,2016-11-20,2175.384,2181.874,2170.338,2178.1099999999997,2178.1099999999997,4232462000.0,0.001605953847295849
352,2016-11-27,2198.2025,2205.3925,2195.4300000000003,2204.7974999999997,2204.7974999999997,3144115000.0,0.0035777870164739527
353,2016-12-04,2201.446,2207.25,2194.626,2197.644,2197.644,4322506000.0,-0.0019431292611458793
354,2016-12-11,2221.898,2235.064,2219.582,2232.802,2232.802,4069924000.0,0.0060730536896309115
355,2016-12-18,2262.216,2271.5860000000002,2254.428,2260.4120000000003,2260.4120000000003,4485298000.0,-0.00012927218441913086
356,2016-12-25,2263.892,2267.6459999999997,2260.884,2264.6440000000002,2264.6440000000002,2863174000.0,0.0005059867444755247
357,2017-01-01,2259.3925,2263.3050000000003,2248.36,2251.7225,2251.7225,2350682500.0,-0.0027717479685122103
358,2017-01-08,2263.1225,2272.575,2257.81,2268.64,2268.64,3667265000.0,0.004224148893740513
359,2017-01-15,2271.158,2276.108,2264.152,2271.6400000000003,2271.6400000000003,3408454000.0,-0.0002056410865718636
360,2017-01-22,2270.035,2273.8450000000003,2262.395,2268.6949999999997,2268.6949999999997,3402465000.0,-0.000366260143161557
361,2017-01-29,2284.438,2291.1940000000004,2279.656,2287.002,2287.002,3514092000.0,0.0020482001171377683
362,2017-02-05,2282.17,2287.304,2273.4440000000004,2283.518,2283.518,3803938000.0,0.0002377992096547755
363,2017-02-12,2297.734,2304.3599999999997,2294.364,2300.8559999999998,2300.8559999999998,3471000000.0,0.0016195964974177472
364,2017-02-19,2335.214,2344.5860000000002,2331.37,2342.692,2342.692,3571802000.0,0.0030048173434019214
365,2017-02-26,2359.8125,2366.86,2355.3025,2364.8375,2364.8375,3728717500.0,0.0017145346421052862
366,2017-03-05,2377.422,2383.79,2371.304,2378.8779999999997,2378.8779999999997,3905094000.0,0.0013287183170066596
367,2017-03-12,2370.3579999999997,2374.59,2362.416,2368.83,2368.83,3549006000.0,-0.0008848306594254589
368,2017-03-19,2376.3740000000003,2381.358,2370.0919999999996,2376.7619999999997,2376.7619999999997,3759720000.0,0.00047570457191271534
369,2017-03-26,2359.3900000000003,2365.686,2345.176,2351.176,2351.176,3431308000.0,-0.002902916769854524
370,2017-04-02,2350.314,2362.5620000000004,2346.8,2358.4139999999998,2358.4139999999998,3247102000.0,0.0015926316976340102
371,2017-04-09,2358.814,2366.536,2349.1220000000003,2356.996,2356.996,3333134000.0,-0.0006086994393938826
372,2017-04-16,2351.3025,2355.6425,2339.72,2346.205,2346.205,3065287500.0,-0.0028381195789987474
373,2017-04-23,2343.874,2353.534,2337.504,2346.78,2346.78,3358682000.0,0.0016880407371912924
374,2017-04-30,2384.84,2390.68,2380.432,2384.636,2384.636,3929926000.0,0.003001182477089012
375,2017-05-07,2389.642,2393.5919999999996,2384.0260000000003,2391.288,2391.288,3774144000.0,0.0012618443902979453
376,2017-05-14,2397.118,2398.6259999999997,2389.616,2396.254,2396.254,3553906000.0,-0.0007005992313006141
377,2017-05-21,2381.5080000000003,2391.898,2373.87,2381.494,2381.494,3845558000.0,-0.0007685499428396272
378,2017-05-28,2401.94,2407.4559999999997,2399.8,2405.5440000000003,2405.5440000000003,3225504000.0,0.002842331920649595
379,2017-06-04,2418.5575,2425.385,2413.5675,2423.46,2423.46,3762505000.0,0.002394511280785015
380,2017-06-11,2434.4880000000003,2439.302,2426.166,2432.826,2432.826,3527106000.0,-0.0005994863691379422
381,2017-06-18,2431.832,2436.544,2424.2,2434.654,2434.654,3908016000.0,0.00011346538376898561
382,2017-06-25,2440.9139999999998,2445.946,2434.702,2439.78,2439.78,3810616000.0,0.00042287219769056593
383,2017-07-02,2435.9880000000003,2441.796,2422.356,2428.45,2428.45,3504800000.0,-0.001225087185968334
384,2017-07-09,2424.7825000000003,2431.3175,2417.99,2424.12,2424.12,2891932500.0,0.0001825272995474997
385,2017-07-16,2436.352,2443.984,2431.838,2440.662,2440.662,3020510000.0,0.002791761899900773
386,2017-07-23,2464.438,2469.546,2460.968,2467.9139999999998,2467.9139999999998,3025836000.0,0.0010762808805999924
387,2017-07-30,2476.3540000000003,2478.7200000000003,2468.152,2474.478,2474.478,3614540000.0,-3.559409794536483e-05
388,2017-08-06,2477.266,2478.576,2469.416,2474.642,2474.642,3467146000.0,0.00038230497826852465
389,2017-08-13,2465.452,2471.94,2456.7760000000003,2461.876,2461.876,3278244000.0,-0.002888128022045311
390,2017-08-20,2456.568,2463.468,2446.226,2450.824,2450.824,3059048000.0,-0.0012961147671599403
391,2017-08-27,2439.352,2447.722,2434.17,2441.388,2441.388,2764924000.0,0.0014377911817103292
392,2017-09-03,2452.484,2462.802,2449.5,2459.266,2459.266,2825360000.0,0.002723840784154257
393,2017-09-10,2466.1225,2469.335,2456.36,2462.48,2462.48,3394132500.0,-0.0015309951897261365
394,2017-09-17,2490.116,2496.55,2488.308,2495.7619999999997,2495.7619999999997,3636910000.0,0.0031280491550010176
395,2017-09-24,2504.012,2507.1279999999997,2499.064,2504.316,2504.316,3177320000.0,0.00015912203859877455
396,2017-10-01,2503.42,2509.6099999999997,2497.996,2505.9919999999997,2505.9919999999997,3252732000.0,0.0013653126357113716
397,2017-10-08,2534.6639999999998,2541.362,2532.972,2540.568,2540.568,3055724000.0,0.002365135706957841
398,2017-10-15,2552.1079999999997,2555.054,2546.962,2550.942,2550.942,2949724000.0,0.0003010289642291097
399,2017-10-22,2559.312,2564.218,2556.496,2563.114,2563.114,3046642000.0,0.0017190719637120086
400,2017-10-29,2568.7200000000003,2573.584,2559.93,2566.546,2566.546,3664690000.0,0.00045459149021340184
401,2017-11-05,2579.668,2583.25,2571.652,2579.028,2579.028,3792940000.0,0.0005239018571585926
402,2017-11-12,2586.4939999999997,2591.236,2579.386,2588.614,2588.614,3717890000.0,-0.00042861524990279825
403,2017-11-19,2575.924,2582.8419999999996,2569.812,2578.564,2578.564,3454980000.0,-0.00026738230928056354
404,2017-11-26,2592.3475,2597.745,2590.765,2595.1675,2595.1675,2631292500.0,0.0022745545579297907
405,2017-12-03,2623.09,2635.47,2612.816,2628.866,2628.866,3903664000.0,0.0030355383044093818
406,2017-12-10,2639.56,2648.192,2632.428,2637.352,2637.352,3450060000.0,0.0007012089423756506
407,2017-12-17,2661.602,2669.93,2657.05,2662.954,2662.954,3891684000.0,0.0018253241310881233
408,2017-12-24,2686.81,2691.682,2680.66,2683.7580000000003,2683.7580000000003,3215168000.0,0.0005620297961675108
409,2017-12-31,2684.11,2687.04,2678.2925,2681.0675,2681.0675,2199052500.0,-0.0009081670260109888
410,2018-01-07,2708.055,2720.75,2706.78,2719.0025,2719.0025,3469520000.0,0.006419318996218625
411,2018-01-14,2752.504,2762.772,2748.788,2760.2059999999997,2760.2059999999997,3505286000.0,0.003117224309191525
412,2018-01-21,2797.2375,2807.685,2784.415,2796.8275000000003,2796.8275000000003,3895187500.0,0.002149555638691693
413,2018-01-28,2836.67,2849.934,2828.1279999999997,2844.352,2844.352,3691534000.0,0.004404058178346577
414,2018-02-04,2831.55,2838.502,2811.0919999999996,2816.7760000000003,2816.7760000000003,4038672000.0,-0.007861881776527987
415,2018-02-11,2666.716,2703.208,2605.1639999999998,2645.2580000000003,2645.2580000000003,5379688000.0,-0.010599914785172493
416,2018-02-18,2674.966,2705.8959999999997,2664.666,2696.198,2696.198,3785552000.0,0.008422383651336829
417,2018-02-25,2717.435,2741.0925,2704.89,2717.2125,2717.2125,3589235000.0,0.0013760364111706988
418,2018-03-04,2733.142,2751.69,2703.702,2721.326,2721.326,3967794000.0,-0.004122568300208483
419,2018-03-11,2721.416,2743.558,2712.588,2740.2799999999997,2740.2799999999997,3422454000.0,0.006961135827034523
420,2018-03-18,2772.35,2780.174,2754.752,2759.43,2759.43,3781746000.0,-0.0024959790092365357
421,2018-03-25,2701.898,2711.618,2668.382,2674.748,2674.748,3525934000.0,-0.012269143702878488
422,2018-04-01,2628.1575000000003,2656.965,2600.1775,2629.26,2629.26,3686870000.0,0.005030643263390117
423,2018-04-08,2622.568,2647.252,2587.75,2621.666,2621.666,3388734000.0,-0.0027758417426903535
424,2018-04-15,2646.042,2667.082,2636.94,2646.502,2646.502,3148732000.0,0.0039409954863398764
425,2018-04-22,2693.334,2702.82,2680.67,2691.228,2691.228,3304468000.0,0.0010393456903214856
426,2018-04-29,2663.648,2673.108,2638.83,2656.2200000000003,2656.2200000000003,3447104000.0,-1.722830311640935e-05
427,2018-05-06,2645.848,2661.416,2623.018,2646.334,2646.334,3712428000.0,-0.00048675054447692295
428,2018-05-13,2691.288,2703.986,2683.2059999999997,2698.626,2698.626,3436210000.0,0.004771016832154582
429,2018-05-20,2721.348,2727.982,2712.018,2719.428,2719.428,3279090000.0,-0.0010844239342232315
430,2018-05-27,2728.45,2734.818,2715.898,2727.966,2727.966,3214358000.0,0.0006153511285679917
431,2018-06-03,2711.805,2724.86,2699.6549999999997,2713.44,2713.44,3811302500.0,0.0012179387902558516
432,2018-06-10,2756.8120000000004,2766.69,2750.452,2763.484,2763.484,3495470000.0,0.0032218918804373053
433,2018-06-17,2782.942,2788.67,2774.37,2781.326,2781.326,3902304000.0,4.5334422513050286e-05
434,2018-06-24,2763.52,2769.67,2752.258,2761.6600000000003,2761.6600000000003,3824822000.0,-0.001790946715460098
435,2018-07-01,2723.866,2737.9080000000004,2704.734,2714.888,2714.888,3616814000.0,-0.0026682897032581825
436,2018-07-08,2725.0225,2741.52,2714.9125,2734.09,2734.09,2644227500.0,0.0037832560599614868
437,2018-07-15,2784.814,2793.978,2780.192,2790.326,2790.326,2918080000.0,0.0029843409403958014
438,2018-07-22,2802.3940000000002,2810.778,2797.66,2805.984,2805.984,3103590000.0,3.712204238999113e-05
439,2018-07-29,2823.084,2835.074,2813.518,2825.942,2825.942,3408992000.0,0.0012091165076891634
440,2018-08-05,2816.0,2828.464,2807.1459999999997,2819.964,2819.964,3442900000.0,0.0015217852705992046
441,2018-08-12,2849.818,2856.768,2844.556,2850.682,2850.682,3074860000.0,-0.0004984465789588714
442,2018-08-19,2832.21,2844.116,2822.8239999999996,2834.216,2834.216,3217290000.0,0.0011859112307548046
443,2018-08-26,2859.814,2869.094,2856.8740000000003,2862.7,2862.7,2791974000.0,0.0017160470146696384
444,2018-09-02,2898.814,2907.46,2892.708,2902.19,2902.19,2811206000.0,0.0018579790524897682
445,2018-09-09,2886.3625,2892.5625,2873.365,2883.7625,2883.7625,3114255000.0,-0.0025843783114322606
446,2018-09-16,2888.8959999999997,2897.832,2882.816,2892.62,2892.62,3090076000.0,0.0023058562466329803
447,2018-09-23,2911.532,2920.778,2905.45,2912.296,2912.296,3684124000.0,0.0016926566202056833
448,2018-09-30,2916.448,2925.328,2909.2760000000003,2913.776,2913.776,3340698000.0,-0.0010739888736284637
449,2018-10-07,2920.734,2927.552,2902.37,2912.1420000000003,2912.1420000000003,3457042000.0,-0.0019594780459346486
450,2018-10-14,2836.27,2845.8419999999996,2792.232,2809.19,2809.19,4081174000.0,-0.008382354421871682
451,2018-10-21,2784.042,2802.04,2762.6400000000003,2781.296,2781.296,3473550000.0,4.697456710138361e-05
452,2018-10-28,2715.116,2738.04,2677.7079999999996,2703.386,2703.386,4382382000.0,-0.008042406909210018
453,2018-11-04,2698.392,2725.438,2670.754,2699.81,2699.81,4790344000.0,0.0047845455375424865
454,2018-11-11,2767.876,2785.018,2757.676,2779.098,2779.098,3765274000.0,0.004211584620917186
455,2018-11-18,2730.788,2751.904,2701.1279999999997,2723.29,2723.29,4093076000.0,-0.0032436983944675196
456,2018-11-25,2669.1099999999997,2680.2200000000003,2648.38,2653.7775,2653.7775,3266710000.0,-0.00965973057820316
457,2018-12-02,2695.98,2723.102,2689.188,2719.476,2719.476,3853990000.0,0.009467103049212184
458,2018-12-09,2731.925,2747.7,2678.8075,2704.865,2704.865,4539990000.0,-0.011784502097413054
459,2018-12-16,2648.382,2662.512,2617.1800000000003,2635.212,2635.212,4039666000.0,-0.0025324099144336254
460,2018-12-23,2531.9700000000003,2554.8900000000003,2479.588,2496.62,2496.62,5522222000.0,-0.014624468881218594
461,2018-12-30,2426.2375,2471.8675000000003,2392.1275,2448.3424999999997,2448.3424999999997,3682715000.0,0.007050133068012433
462,2019-01-06,2485.5375,2514.9849999999997,2467.145,2499.1775,2499.1775,3822012500.0,0.004603851344861439
463,2019-01-13,2569.068,2587.078,2556.0860000000002,2580.392,2580.392,3902136000.0,0.005017228118253752
464,2019-01-20,2608.142,2629.7380000000003,2604.426,2623.136,2623.136,3796830000.0,0.005654481351074392
465,2019-01-27,2649.41,2657.6625,2628.6175000000003,2644.6725,2644.6725,3638237500.0,-0.0005575893470041145
466,2019-02-03,2666.258,2682.39,2655.796,2675.106,2675.106,3953690000.0,0.003110674868505127
467,2019-02-10,2715.954,2725.888,2703.204,2721.6220000000003,2721.6220000000003,3643442000.0,9.973386041879198e-05
468,2019-02-17,2737.81,2752.33,2733.3,2745.778,2745.778,3683466000.0,0.0049401798242635925
469,2019-02-24,2777.31,2788.2475,2771.2525,2783.0025,2783.0025,3616927500.0,0.0015327968537639917
470,2019-03-03,2794.108,2802.8239999999996,2785.8959999999997,2794.114,2794.114,3949796000.0,0.0007876558508306501
471,2019-03-10,2779.274,2782.994,2756.136,2769.182,2769.182,3747548000.0,-0.004371735115684836
472,2019-03-17,2791.1800000000003,2809.858,2789.674,2803.34,2803.34,4090978000.0,0.00570763999315854
473,2019-03-24,2831.79,2847.568,2815.1079999999997,2829.066,2829.066,3783404000.0,-0.0015485949267811112
474,2019-03-31,2813.212,2824.192,2798.946,2814.406,2814.406,3411012000.0,0.0023914636206393254
475,2019-04-07,2870.222,2880.4139999999998,2864.536,2875.9919999999997,2875.9919999999997,3318402000.0,0.004074775056210382
476,2019-04-14,2889.838,2895.3,2882.7200000000003,2891.582,2891.582,3175574000.0,0.0010117001306407941
477,2019-04-21,2910.3575,2913.015,2896.135,2904.5299999999997,2904.5299999999997,3418212500.0,-0.00020473330761374743
478,2019-04-28,2919.514,2931.126,2912.266,2926.9900000000002,2926.9900000000002,3371498000.0,0.0023850093836248676
479,2019-05-05,2936.284,2946.2799999999997,2923.306,2935.15,2935.15,3583790000.0,0.00039146935794820046
480,2019-05-12,2884.8940000000002,2903.118,2859.1760000000004,2889.612,2889.612,3553052000.0,-0.004409964767111253
481,2019-05-19,2839.018,2865.808,2829.332,2846.618,2846.618,3410108000.0,-0.001523802296478949
482,2019-05-26,2844.2259999999997,2853.254,2832.42,2841.832,2841.832,3299870000.0,-0.0023547520406766503
483,2019-06-02,2793.3425,2800.13,2773.725,2781.5825,2781.5825,3776697500.0,-0.006633448325111569
484,2019-06-09,2802.728,2826.382,2793.5379999999996,2818.1400000000003,2818.1400000000003,3605354000.0,0.008625078806280804
485,2019-06-16,2888.978,2898.728,2880.066,2886.182,2886.182,3178842000.0,0.0009471713719749645
486,2019-06-23,2923.864,2936.402,2916.5080000000003,2927.704,2927.704,3703352000.0,0.0043500234697331445
487,2019-06-30,2935.174,2941.4620000000004,2924.134,2928.638,2928.638,3762578000.0,-0.0005906097411406231
488,2019-07-07,2974.6,2985.2525,2963.5175,2980.8925,2980.8925,2786900000.0,0.004100615013640005
489,2019-07-14,2987.514,2996.3779999999997,2981.764,2992.466,2992.466,3050668000.0,0.0015562569987859227
490,2019-07-21,3003.632,3008.476,2988.6240000000003,2994.8959999999997,2994.8959999999997,3202898000.0,-0.0024813435313473893
491,2019-07-28,3000.9900000000002,3012.098,2994.3720000000003,3007.918,3007.918,3340090000.0,0.003282055902715671
492,2019-08-04,2994.514,3003.858,2966.532,2980.028,2980.028,4032042000.0,-0.006298702302716013
493,2019-08-11,2888.924,2909.822,2857.9739999999997,2893.446,2893.446,4137518000.0,-0.0009161312957665689
494,2019-08-18,2878.576,2899.068,2856.016,2877.18,2877.18,3815342000.0,-0.0020643060455085736
495,2019-08-25,2919.308,2929.8900000000003,2894.094,2903.73,2903.73,3228296000.0,-0.0028990411334396285
496,2019-09-01,2893.716,2907.804,2877.726,2897.304,2897.304,3137364000.0,0.00549781134799177
497,2019-09-08,2943.6525,2956.03,2936.705,2949.69,2949.69,3426917500.0,0.004424204859433133
498,2019-09-15,2992.428,3001.564,2981.106,2995.142,2995.142,3942506000.0,0.0019164544160181988
499,2019-09-22,3002.472,3010.918,2990.162,3001.85,3001.85,4157402000.0,-0.0010214274817462634
500,2019-09-29,2985.096,2994.308,2960.4120000000003,2976.532,2976.532,3344528000.0,-0.0020343280540243655
501,2019-10-06,2935.8959999999997,2953.206,2911.04,2933.448,2933.448,3448958000.0,-0.0006615042047989073
502,2019-10-13,2931.4700000000003,2951.2560000000003,2923.1879999999996,2931.93,2931.93,3176164000.0,0.0012333127014345295
503,2019-10-20,2985.3419999999996,2996.3900000000003,2977.9700000000003,2987.134,2987.134,3101424000.0,0.00106976366737802
504,2019-10-27,3003.864,3014.028,2996.792,3008.014,3008.014,3457734000.0,0.0024198339713490113
505,2019-11-03,3040.9739999999997,3051.18,3033.3599999999997,3045.5099999999998,3045.5099999999998,3800932000.0,0.0029139388195856927
506,2019-11-10,3080.626,3087.67,3073.344,3081.5860000000002,3081.5860000000002,4158858000.0,0.0016993636318939742
507,2019-11-17,3090.4919999999997,3101.532,3085.442,3097.996,3097.996,3338458000.0,0.0017626137253306724
508,2019-11-24,3115.9839999999995,3118.752,3102.15,3112.9,3112.9,3614820000.0,-0.0006528914837884017
509,2019-12-01,3136.24,3145.27,3132.7975,3142.1925,3142.1925,3223412500.0,0.0024547209262597404
510,2019-12-08,3117.718,3125.7419999999997,3104.404,3116.634,3116.634,3500820000.0,0.0003136686667352019
511,2019-12-15,3144.17,3158.786,3137.948,3149.496,3149.496,3553056000.0,0.0014499541709148186
512,2019-12-22,3197.978,3205.108,3194.8300000000004,3200.3399999999997,3200.3399999999997,4436986000.0,0.0032814404921337344
513,2019-12-29,3231.4825,3235.555,3226.0950000000003,3231.83,3231.83,2238687500.0,0.0014548332096133586
514,2020-01-05,3231.575,3244.2325,3221.6175000000003,3236.1925,3236.1925,3215277500.0,-0.00039923589961832185
515,2020-01-12,3249.168,3263.478,3241.654,3255.312,3255.312,3544204000.0,0.001876879101339817
516,2020-01-19,3293.076,3305.6059999999998,3289.5980000000004,3301.4,3301.4,3627060000.0,0.0038982457667619368
517,2020-01-26,3324.98,3331.9049999999997,3305.0125,3315.8875,3315.8875,3801027500.0,-0.0025773463050595704
518,2020-02-02,3266.15,3281.268,3243.418,3260.4900000000002,3260.4900000000002,3856584000.0,-0.004290924117299499
519,2020-02-09,3304.328,3320.464,3297.3059999999996,3310.9380000000006,3310.9380000000006,3900002000.0,0.006238040435806667
520,2020-02-16,3359.726,3375.028,3353.376,3368.678,3368.678,3615434000.0,0.0031277331827269986
521,2020-02-23,3372.595,3379.61,3350.9775,3366.855,3366.855,3823140000.0,-0.0031565295911482215
522,2020-03-01,3123.178,3149.2200000000003,3055.1279999999997,3080.694,3080.694,6313370000.0,-0.024412454132856087
523,2020-03-08,3029.278,3085.524,2971.514,3044.006,3044.006,5993078000.0,0.0012249915544395424
524,2020-03-15,2740.764,2788.8720000000003,2629.3759999999997,2712.366,2712.366,8132882000.0,-0.0184069333110276
525,2020-03-22,2439.234,2498.0919999999996,2328.768,2405.546,2405.546,8397010000.0,-0.032455795830578726
526,2020-03-29,2430.016,2514.956,2392.9139999999998,2466.366,2466.366,7448640000.0,0.019539337018894785
527,2020-04-05,2529.042,2573.468,2495.934,2539.458,2539.458,6170498000.0,-0.004200451801417973
528,2020-04-12,2694.73,2753.265,2664.4750000000004,2715.7225,2715.7225,6807377500.0,0.0285591707119125
529,2020-04-19,2804.9939999999997,2824.384,2776.602,2813.032,2813.032,5435376000.0,0.005984508287143517
530,2020-04-26,2808.276,2831.446,2781.9,2798.714,2798.714,5318180000.0,-0.002648822707358376
531,2020-05-03,2896.614,2912.746,2867.968,2884.904,2884.904,5769104000.0,-0.0004255883881031805
532,2020-05-10,2870.824,2893.532,2857.682,2874.118,2874.118,4964722000.0,0.0068813195464271365
533,2020-05-17,2869.062,2896.404,2829.92,2867.302,2867.302,5449968000.0,-0.004563933261000709
534,2020-05-24,2946.816,2969.57,2932.4,2950.484,2950.484,5062172000.0,0.006307285703884065
535,2020-05-31,3022.8775,3043.9525,2994.9825,3025.485,3025.485,6247767500.0,0.007405837742701767
536,2020-06-07,3095.572,3122.964,3087.266,3113.1400000000003,3113.1400000000003,6195494000.0,0.009595571792245905
537,2020-06-14,3164.246,3178.2120000000004,3110.912,3134.624,3134.624,6878150000.0,-0.00979275796180726
538,2020-06-21,3100.564,3129.98,3065.2740000000003,3103.58,3103.58,5791816000.0,0.0036768939417683687
539,2020-06-28,3093.464,3110.1620000000003,3053.456,3078.458,3078.458,5590352000.0,-0.0058096798067446016
540,2020-07-05,3079.5875,3114.9125,3068.315,3099.85,3099.85,4456692500.0,0.009852946277267183
541,2020-07-12,3160.688,3181.0280000000002,3137.334,3166.4139999999998,3166.4139999999998,4727128000.0,0.0034857296759658795
542,2020-07-19,3200.948,3225.692,3176.418,3203.92,3203.92,4416424000.0,0.002476875599548776
543,2020-07-26,3247.578,3264.494,3227.748,3247.29,3247.29,4157856000.0,-0.0005651861731929394
544,2020-08-02,3236.708,3254.596,3216.406,3246.7259999999997,3246.7259999999997,4354828000.0,0.0034218277930645148
545,2020-08-09,3311.754,3328.782,3307.0260000000003,3325.8660000000004,3325.8660000000004,4355468000.0,0.004841985699904219
546,2020-08-16,3364.69,3379.5879999999997,3348.4660000000003,3364.1580000000004,3364.1580000000004,3923900000.0,0.0012831443763117252
547,2020-08-23,3381.38,3394.59,3370.6059999999998,3385.858,3385.858,3549082000.0,0.0014363408317602372
548,2020-08-30,3456.768,3473.596,3447.1580000000004,3469.2380000000003,3469.2380000000003,3795198000.0,0.00642182733621244
549,2020-09-06,3515.8540000000003,3534.982,3460.024,3497.964,3497.964,4419192000.0,-0.004675070864999822
550,2020-09-13,3376.74,3399.81,3333.9575,3352.74,3352.74,4136392500.0,-0.00635309670530209
551,2020-09-20,3377.3520000000003,3397.754,3351.696,3369.3419999999996,3369.3419999999996,4814382000.0,-0.0012912104712428252
552,2020-09-27,3272.846,3302.9620000000004,3234.102,3275.7200000000003,3275.7200000000003,4318896000.0,-0.001269887749519926
553,2020-10-04,3350.168,3375.7,3337.2,3355.858,3355.858,4080532000.0,0.0030065799809932685
554,2020-10-11,3410.904,3439.4020000000005,3398.518,3422.596,3422.596,3954518000.0,0.007544304804617308
555,2020-10-18,3499.344,3523.328,3480.472,3500.3940000000002,3500.3940000000002,3863590000.0,0.0003832811349806504
556,2020-10-25,3455.2699999999995,3474.2400000000002,3428.886,3444.8959999999997,3444.8959999999997,3987310000.0,-0.001060268413052973
557,2020-11-01,3351.5620000000004,3367.8779999999997,3303.244,3328.55,3328.55,4572074000.0,-0.011609485600447706
558,2020-11-08,3406.5979999999995,3451.3019999999997,3398.2479999999996,3428.546,3428.546,4609416000.0,0.014135745634252784
559,2020-11-15,3560.952,3589.41,3537.5080000000003,3558.1699999999996,3558.1699999999996,5774556000.0,0.0042687667181500995
560,2020-11-22,3592.256,3607.432,3571.3720000000003,3588.728,3588.728,4798448000.0,-0.0015462038821559359
561,2020-11-29,3608.8475,3627.9825,3598.5950000000003,3620.25,3620.25,4756667500.0,0.005615246851416577
562,2020-12-06,3654.6099999999997,3673.1040000000003,3642.642,3663.786,3663.786,5386620000.0,0.0033129342698185833
563,2020-12-13,3679.7940000000003,3692.5299999999997,3659.3660000000004,3679.718,3679.718,4731128000.0,-0.001937379497340673
564,2020-12-20,3694.7940000000003,3711.1979999999994,3678.148,3695.0339999999997,3695.0339999999997,4873576000.0,0.0024929556570917727
565,2020-12-27,3692.4525000000003,3704.0550000000003,3672.81,3693.8125,3693.8125,3616207500.0,-0.00042833236110007434
566,2021-01-03,3735.625,3750.365,3725.8575,3737.6275,3737.6275,3315660000.0,0.0035534232853177104
567,2021-01-10,3750.918,3785.8199999999997,3722.286,3760.8239999999996,3760.8239999999996,5108466000.0,0.0036203211256026595
568,2021-01-17,3802.1400000000003,3812.386,3779.9020000000005,3794.886,3794.886,4926238000.0,-0.0029728201879149468
569,2021-01-24,3824.95,3844.51,3818.0125,3836.325,3836.325,4798320000.0,0.004811100784280835
570,2021-01-31,3817.054,3835.1020000000003,3765.458,3791.4739999999997,3791.4739999999997,7350200000.0,-0.006736204929500829
571,2021-02-07,3815.648,3848.38,3809.1459999999997,3837.782,3837.782,5114780000.0,0.009083966837370786
572,2021-02-14,3910.382,3925.768,3895.268,3917.582,3917.582,4555954000.0,0.002454752703624043
573,2021-02-21,3923.7825000000003,3934.1075,3903.0950000000003,3921.15,3921.15,4857152500.0,-0.001793022833421197
574,2021-02-28,3874.358,3902.7300000000005,3828.696,3864.7580000000003,3864.7580000000003,6260008000.0,-0.0049529213408328054
575,2021-03-07,3844.45,3878.1479999999997,3796.6940000000004,3840.4479999999994,3840.4479999999994,6174192000.0,0.001609293298591697
576,2021-03-14,3885.674,3921.486,3877.532,3895.656,3895.656,5404362000.0,0.005210126515925428
577,2021-03-21,3946.5520000000006,3966.946,3922.0660000000003,3946.8660000000004,3946.8660000000004,5390170000.0,-0.0015396362393184258
578,2021-03-28,3914.094,3948.85,3895.084,3924.862,3924.862,4839958000.0,0.003115823879632176
579,2021-04-04,3973.17,3991.2200000000003,3961.84,3980.6,3980.6,4372467500.0,0.0028351364150442622
580,2021-04-11,4074.072,4096.089999999999,4069.7879999999996,4091.554,4091.554,3950920000.0,0.005347448810560596
581,2021-04-18,4142.058,4159.25,4134.126,4150.026,4150.026,3901242000.0,0.0027264391274938716
582,2021-04-25,4155.3279999999995,4177.75,4131.534,4157.354,4157.354,3971042000.0,-0.00025341758474432265
583,2021-05-02,4192.532,4201.1900000000005,4178.404,4190.032,4190.032,3969188000.0,4.78392221709853e-05
584,2021-05-09,4185.512000000001,4203.378,4165.306,4191.826,4191.826,4256136000.0,0.0024450699534466535
585,2021-05-16,4142.75,4169.574,4112.222,4137.984,4137.984,4590580000.0,-0.002795518037253095
586,2021-05-23,4144.978,4163.904,4120.755999999999,4144.356,4144.356,4148956000.0,-0.0008638969650260363
587,2021-05-30,4196.08,4211.4580000000005,4187.628,4197.232,4197.232,4668700000.0,0.002308646359236872
588,2021-06-06,4205.205,4222.3325,4192.46,4208.225,4208.225,5159025000.0,0.0015283424407301293
589,2021-06-13,4233.5199999999995,4240.858,4219.08,4231.99,4231.99,4414604000.0,0.0008280921031614524
590,2021-06-20,4235.522,4240.342,4207.064,4222.75,4222.75,4973636000.0,-0.0038504188439267744
591,2021-06-27,4235.74,4259.216,4232.046,4252.052,4252.052,4569160000.0,0.005410438666880638
592,2021-07-04,4299.218,4314.236,4295.4,4310.438,4310.438,3827030000.0,0.00331941677590811
593,2021-07-11,4339.48,4355.205,4315.7275,4348.01,4348.01,4056392500.0,0.000986599368702352
594,2021-07-18,4374.008,4383.368,4351.308,4363.066000000001,4363.066000000001,3795438000.0,-0.0019497182594668439
595,2021-07-25,4327.022,4355.598,4311.514,4343.902,4343.902,4260916000.0,0.0038738130234949437
596,2021-08-01,4405.523999999999,4419.36,4391.642,4407.762000000001,4407.762000000001,4146842000.0,-0.0007507630550763631
597,2021-08-08,4410.696,4426.544,4399.194,4415.718,4415.718,3834264000.0,0.0018687195639275427
598,2021-08-15,4445.332,4452.836,4437.594,4448.068,4448.068,3452046000.0,0.0014141191731412166
599,2021-08-22,4431.5419999999995,4451.932,4405.522,4435.106,4435.106,3802842000.0,-0.0011820898708788754
600,2021-08-29,4478.598,4498.726000000001,4472.264,4488.264,4488.264,3519126000.0,0.003025404465163017
601,2021-09-05,4527.842,4538.632,4519.508,4529.588000000001,4529.588000000001,3694046000.0,0.0011524885950724864
602,2021-09-12,4518.3525,4526.885,4489.17,4496.49,4496.49,3733102500.0,-0.0042723918668652015
603,2021-09-19,4469.692,4484.586,4438.218,4459.844,4459.844,4578158000.0,-0.0011512059469223543
604,2021-09-26,4397.924,4428.618,4371.664,4402.4039999999995,4402.4039999999995,4011760000.0,0.0010120998549745476
605,2021-10-03,4382.38,4404.030000000001,4346.472,4363.956,4363.956,4129274000.0,-0.004468374300900145
606,2021-10-10,4353.704,4386.46,4329.85,4360.166,4360.166,3868858000.0,0.0015682983937994038
607,2021-10-17,4389.24,4415.838,4373.408,4397.054,4397.054,3575630000.0,0.0036120859344867563
608,2021-10-24,4512.768,4532.226,4503.834,4527.392,4527.392,3674490000.0,0.003262175164740534
609,2021-10-31,4569.661999999999,4592.2699999999995,4557.724,4578.95,4578.95,4129668000.0,0.002643892023336072
610,2021-11-07,4643.36,4664.09,4634.7,4656.496,4656.496,4239186000.0,0.003962330671394329
611,2021-11-14,4678.724,4692.264,4659.04,4673.156,4673.156,4109196000.0,-0.0006259879443864453
612,2021-11-21,4695.876,4708.084,4680.737999999999,4694.974,4694.974,3981942000.0,0.0006442946000393598
613,2021-11-28,4682.7225,4702.68,4645.0375,4667.43,4667.43,3913705000.0,-0.005560579534142966
614,2021-12-05,4593.2080000000005,4635.08,4539.076,4570.168,4570.168,5329276000.0,-0.002460983307003994
615,2021-12-12,4649.968,4684.106,4636.644,4671.82,4671.82,4254350000.0,0.007507110710991238
616,2021-12-19,4672.276,4696.412,4627.49,4660.444,4660.444,5321876000.0,-0.003916693436882382
617,2021-12-26,4634.295,4669.3625,4615.9375,4659.9,4659.9,3735195000.0,0.005625379774801998
618,2022-01-02,4777.512,4799.666,4766.638,4783.102000000001,4783.102000000001,2848858000.0,0.001702080549212238
619,2022-01-09,4752.338000000001,4769.183999999999,4713.176,4732.752,4732.752,4375788000.0,-0.0037763704783892785
620,2022-01-16,4684.924000000001,4709.048000000001,4638.452,4686.318,4686.318,4250368000.0,-0.000607288782937449
621,2022-01-23,4559.75,4585.105,4493.0475,4497.635,4497.635,4861102500.0,-0.014622649925491999
622,2022-01-30,4369.632,4428.61,4283.298,4374.974,4374.974,5577818000.0,0.0015361709264372803
623,2022-02-06,4507.1900000000005,4549.046,4472.752,4525.888,4525.888,4701056000.0,0.0030756127023802197
624,2022-02-13,4518.456,4551.692,4473.918,4503.062,4503.062,4755762000.0,-0.0036726422367740013
625,2022-02-20,4427.654,4447.84,4384.966,4415.376,4415.376,4512468000.0,-0.0031831830390748926
626,2022-02-27,4277.955,4345.925,4222.525,4300.9025,4300.9025,5462130000.0,0.0020484409597856757
627,2022-03-06,4356.660000000001,4385.534,4309.552000000001,4351.82,4351.82,5618548000.0,-0.002560653419957805
628,2022-03-13,4256.964,4292.528,4198.222,4222.7,4222.7,5953146000.0,-0.005839269677379562
629,2022-03-20,4286.432,4351.118,4265.566,4333.642,4333.642,6108132000.0,0.011947576687465785
630,2022-03-27,4483.498,4514.286,4463.09,4498.45,4498.45,4522348000.0,0.003550544158514051
631,2022-04-03,4581.498,4598.498,4545.33,4577.168,4577.168,4633940000.0,0.0001232269659575771
632,2022-04-10,4516.678,4544.492,4485.664,4515.4800000000005,4515.4800000000005,4647898000.0,-0.0025494747571167082
633,2022-04-17,4435.9125,4462.4325,4393.297500000001,4412.29,4412.29,4082405000.0,-0.005387631131552703
634,2022-04-24,4424.704,4453.68,4372.356,4395.758,4395.758,4319578000.0,-0.005577685627083766
635,2022-05-01,4239.2660000000005,4279.2,4170.334,4214.942,4214.942,4927580000.0,-0.006657198407855838
636,2022-05-08,4174.034,4221.138000000001,4106.4839999999995,4180.248,4180.248,5015234000.0,-0.0004162191230690362
637,2022-05-15,3994.876,4040.572,3937.0480000000002,3976.2879999999996,3976.2879999999996,5825254000.0,-0.004882883622029407
638,2022-05-22,3988.7520000000004,4015.708,3923.346,3964.5379999999996,3964.5379999999996,4920788000.0,-0.006184777228672285
639,2022-05-29,3970.796,4034.1040000000003,3954.246,4022.0080000000003,4022.0080000000003,4646274000.0,0.012753339506291275
640,2022-06-05,4133.4625,4163.765,4087.9425,4129.6849999999995,4129.6849999999995,4867835000.0,-0.003006043393185117
641,2022-06-12,4090.87,4117.454,4042.78,4063.3120000000004,4063.3120000000004,4352838000.0,-0.010374138521665388
642,2022-06-19,3751.96,3777.9559999999997,3687.7839999999997,3723.3419999999996,3723.3419999999996,6097386000.0,-0.011937489468936436
643,2022-06-26,3761.415,3824.4175,3749.5675,3808.0375,3808.0375,5892537500.0,0.015618173373530162
644,2022-07-03,3845.168,3871.778,3799.918,3830.2400000000002,3830.2400000000002,4338738000.0,-0.004467509945860476
645,2022-07-10,3842.925,3883.0575,3819.9049999999997,3869.6175,3869.6175,4268425000.0,0.004793207017997963
646,2022-07-17,3818.91,3848.764,3789.478,3825.71,3825.71,3938714000.0,-0.0018664129451709192
647,2022-07-24,3926.7479999999996,3965.6220000000003,3893.578,3937.6040000000003,3937.6040000000003,4077054000.0,0.005034011064860706
648,2022-07-31,3996.7659999999996,4037.436,3975.564,4022.844,4022.844,4097766000.0,0.008338413137628427
649,2022-08-07,4119.054,4153.1900000000005,4105.304,4132.424,4132.424,4330308000.0,0.0007202006941455015
650,2022-08-14,4184.496,4214.666,4167.902,4192.0380000000005,4192.0380000000005,4219680000.0,0.0064078859624746
651,2022-08-21,4275.933999999999,4297.618,4253.686,4277.719999999999,4277.719999999999,3802670000.0,-0.0024290930578452067
652,2022-08-28,4161.344,4182.9980000000005,4115.822,4132.854,4132.854,3742840000.0,-0.008247227528339151
653,2022-09-04,4001.578,4022.4,3949.404,3972.576,3972.576,3918592000.0,-0.006685730870014418
654,2022-09-11,3955.8,4004.4375,3940.1325,3990.4,3990.4,3971612500.0,0.008954085478685713
655,2022-09-18,3974.976,3991.686,3928.4980000000005,3952.7580000000003,3952.7580000000003,4945694000.0,-0.00977590763444339
656,2022-09-25,3821.208,3840.314,3770.4900000000002,3799.3940000000002,3799.3940000000002,4266420000.0,-0.00952263764996206
657,2022-10-02,3668.318,3705.678,3620.6380000000004,3649.4919999999997,3649.4919999999997,4895180000.0,-0.005914002400856819
658,2022-10-09,3713.6400000000003,3760.37,3682.8,3727.364,3727.364,4589640000.0,0.002991773755316485
659,2022-10-16,3608.996,3659.7160000000003,3560.334,3606.2480000000005,3606.2480000000005,4372978000.0,-0.0031340591719017166
660,2022-10-23,3686.8340000000003,3734.9979999999996,3659.1099999999997,3702.3239999999996,3702.3239999999996,4526992000.0,0.009253785945016434
661,2022-10-30,3806.0739999999996,3865.022,3795.442,3839.082,3839.082,4711018000.0,0.007751881303942464
662,2022-11-06,3827.3540000000003,3849.3779999999997,3774.53,3795.642,3795.642,4845260000.0,-0.006805486332896575
663,2022-11-13,3846.4559999999997,3890.272,3819.982,3866.5559999999996,3866.5559999999996,4993768000.0,0.011460883567070932
664,2022-11-20,3969.37,3991.024,3941.286,3963.9339999999997,3963.9339999999997,4366340000.0,-0.0013867391046021144
665,2022-11-27,3986.3450000000003,4008.92,3977.41,4001.725,4001.725,3181215000.0,0.003802882826748687
666,2022-12-04,4010.808,4050.028,3981.9,4029.9900000000002,4029.9900000000002,4456116000.0,0.0022514939262236436
667,2022-12-11,3976.778,3992.5480000000002,3938.886,3954.382,3954.382,4132482000.0,-0.006861458712837251
668,2022-12-18,3974.6979999999994,3998.942,3920.268,3950.728,3950.728,5088678000.0,-0.004213472317353086
669,2022-12-25,3834.424,3856.3959999999997,3799.3300000000004,3836.986,3836.986,3701282000.0,-0.00039183193906004547
670,2023-01-01,3826.8525,3848.2525,3799.9475,3825.3125,3825.3125,3024342500.0,-0.0003461595072803133
671,2023-01-08,3839.19,3874.3875,3805.52,3845.0724999999998,3845.0724999999998,4047557500.0,0.0035930171190212503
672,2023-01-15,3933.982,3968.436,3916.296,3952.642,3952.642,4169224000.0,0.0052705233946588725
673,2023-01-22,3955.6025,3981.3625,3923.6400000000003,3947.8225,3947.8225,4134782500.0,-0.0016608814552936434
674,2023-01-29,4010.478,4047.7120000000004,3994.496,4036.7940000000003,4036.7940000000003,3741402000.0,0.004871454542100079
675,2023-02-05,4087.112,4133.552,4067.686,4105.964,4105.964,4731424000.0,0.003212920500761351
676,2023-02-12,4118.312,4141.722,4084.78,4112.9800000000005,4112.9800000000005,4132328000.0,-0.002237550292564458
677,2023-02-19,4106.992,4132.966,4085.8199999999997,4118.104,4118.104,3928588000.0,-0.0005567017689421875
678,2023-02-26,4025.8199999999997,4034.555,3980.5925,4006.2325,4006.2325,4063392500.0,-0.003385705263066939
